VPNCode,AGE,WORK,Gender_Männlich,Gender_Weiblich,Edu_Abgeschlossene_Berufsausbildung,Edu_Mittlere_Reife_(Realschulabschluss),Edu_Abitur_oder_Fachabitur,Edu_Bachelor,Edu_Master,Edu_Doktortitel,AILiteracy[Use],AILiteracy[Kno],AILiteracy[Det],AILiteracy[Eth],PGAT,NGAT,CMV,NEO[E],NEO[A],NEO[C],NEO[N],NEO[O],JC1[IStR],JC1[HRJD],SE1,SDT1[AUT],SDT1[COM],PROD1,TASKDIF1,MANI1,JC2[IStR],JC2[HRJD],SE2,SDT2[AUT],SDT2[COM],PROD2,TASKDIF2,MANI2,total_time,syst_total_time,time_demogr,time_pers,time_task1,time_survey1,time_task2,time_survey2
ZZEBA0308,25.0,100.0,False,True,False,False,False,True,False,False,5.0,4.666666666666667,4.333333333333333,2.5,5.0,4.0,3.6666666666666665,4.25,2.75,5.0,4.25,4.0,3.6,5.0,10.0,4,4,3,4,"Ich musste ein one pager erstellen für ein workshop. Hierfür hatte ich als Hilfsmittel Chatgpt und nutzte promts um einen Text zu verfassen,",2.2,1.75,100.0,5,1,1,1,"Ich sollte eine Kommunikationsstrategie entwickeln für das Unternehmen, damit die Mitarbeiter ein besseres Verständnis über Nachhaltigkeit erhalten. Hierfür habe ich keine Hilfsmittel benutzt.",35.75,21.029833333333332,4.679333333333333,1.3353333333333335,6.123166666666666,4.870666666666667,0.05366666666666667,3.9676666666666667
ZZNRO406,30.0,100.0,False,True,False,False,False,True,False,False,3.3333333333333335,4.666666666666667,3.3333333333333335,4.0,3.6666666666666665,4.666666666666667,3.6666666666666665,3.0,3.25,3.75,3.25,4.0,2.4,3.5,75.0,2,4,4,3,"Ich musste bei der Gestaltung eines Vorstandstreffens unterstützen und einen Plan entwickeln. Digitale Transformation war das Thema und zur Hilfe standen mit Informationen zum Thema und zusätzliche Frage, die ich mir stellen konnte/sollte.",3.8,4.0,10.0,2,4,2,3,"Mir stand ein generatives Textprogramm zur Verfügung, um einen Plan zu entwickeln. Es ging darum in einem einwöchigen Programm Nachhaltigkeit in der Firma zu besprechen und zu kommunizieren.",29.083333333333332,29.11116666666667,4.026833333333333,1.1076666666666666,9.116833333333334,4.5355,6.9505,3.3738333333333332
ZZSSA0301,22.0,0.0,False,True,False,False,True,False,False,False,5.0,4.5,3.6666666666666665,4.0,4.333333333333333,1.6666666666666667,5.0,3.5,3.0,4.0,2.25,4.0,3.2,2.25,20.0,3,3,3,2,"Ich musste zunächst das Problem verstehen und dann Schlüsselpunkte identifizieren, um es zu lösen. Es war ziemlich verwirrend, aber ich habe mein Bestes gegeben.",4.2,4.25,55.0,5,5,5,3,"Ich musste zunächst schnell die gegebene Situation einschätzen und dann suchte ich ein wenig Hilfe von KI um mich durch die Situation zu führen. Dabei verwendete ich Fragen um sicherzustellen, dass meine Antwort direkt und präzise war.",25.5,25.566,5.850666666666667,1.538,3.9443333333333332,4.9975000000000005,2.7871666666666663,6.448333333333333
ZZAWA0212,22.0,100.0,True,False,False,False,True,False,False,False,5.0,4.833333333333333,5.0,4.5,4.0,2.6666666666666665,2.6666666666666665,3.25,2.5,4.0,2.75,4.4,2.4,5.0,10.0,2,4,4,4,Einen One Pager zu einer Informationsveranstaltung verfassen. Hilfsmittel ChatGPT.,2.2,5.0,5.0,2,3,4,4,Einen One Pager zu einer einwöchigen Klimastrategie verfassen. Hilfsmittel ChatGPT.,20.75,20.772666666666666,3.89,1.5015,5.711333333333333,3.5515,0.06766666666666667,6.050666666666667
ZZKO1608,37.0,100.0,True,False,False,False,False,True,False,False,4.166666666666667,3.6666666666666665,3.3333333333333335,3.0,3.3333333333333335,3.3333333333333335,3.6666666666666665,2.75,2.5,3.25,2.5,2.8,3.8,3.25,60.0,3,4,4,2,Man muss der KI Inhalt noch mehr Beispiele nennen und man kann ein Chatbot als Hilfsmittel verwenden.,3.6,3.5,70.0,3,3,4,2,ich muss nur paar Sätzen an der KI Hilfsmittel angeben und dann abwarten. Allerdings dauert es ein bisschen länger als ich gedacht habe.,19.733333333333334,19.773666666666667,4.368833333333333,0.8716666666666666,5.2283333333333335,3.0875,0.07433333333333333,6.143
ZZNWA1604,32.0,100.0,True,False,True,False,False,False,False,False,4.5,4.333333333333333,4.0,3.5,3.3333333333333335,3.3333333333333335,2.6666666666666665,3.0,3.75,3.75,3.0,3.6,3.8,2.25,100.0,5,5,3,2,In der vorherigen Aufgabe musste ich ein Konzept zur Nachhaltigkeit im Unternehmen erstellen. Dies sollte in einem Meeting vorgestellt werden und auf einige Fragen eingegangen werden. Als Hilfsmittel wurden mir Ziele und Fragen zur Verfügung gestellt.,4.0,4.5,10.0,3,4,5,4,Ich habe mithilfe von ChatGPT eine Präsentation erstellen müssen. ChatGPT hat mir geholfen die Präsentation a) zu erstellen und b) in die gewünschte Richtung zu leiten.,34.86666666666667,34.89516666666667,4.1405,1.2511666666666665,14.063666666666668,5.800666666666667,0.08483333333333333,9.554333333333334
ZZALA3008,29.0,100.0,False,True,False,False,True,False,False,False,3.6666666666666665,4.0,3.3333333333333335,3.5,3.6666666666666665,2.6666666666666665,3.6666666666666665,3.0,3.25,3.25,2.75,3.2,3.6,4.25,50.0,4,4,3,4,"Ich wurde gefragt, ob ich spontan bei einem Vorstandsmeeting aushelfen könnte. Ein Konzept für eine eintägige Veranstaltung für Führungskräfte wurde angefragt. 12 Minuten Zeitlimit und eine KI standen mir zu Verfügung.",3.6,3.75,80.0,4,3,4,2,"Ich wurde gefragt ob ich spontan Zeit habe, für ein Vorstandsmeeting auszuhelfen. Ich sollte eine umfassende, einwöchige Kommunikationsstrategie zur Einführung von Nachhaltigkeit als Kernwert im gesamten Unternehmen, planen.
Mit 12 Minuten Zeitdruck und ohne Hilfsmittel.",32.15,32.21183333333333,5.1146666666666665,1.4091666666666667,7.72,7.944333333333334,1.2738333333333334,8.749833333333333
ZZUVI2004,30.0,100.0,True,False,False,False,False,False,True,False,4.333333333333333,4.166666666666667,4.333333333333333,5.0,4.0,3.3333333333333335,5.0,3.5,3.0,4.0,3.5,4.0,4.6,5.0,60.0,4,5,4,3,Organisirien innerhalb eines zeitrahmens von 12 minuten ein meeting über den Einsatz von KI-Modellen in geschäftslösungen.,4.4,4.0,50.0,3,4,3,4,"organisierte eine Vorstandssitzung über nachhaltigkeit, ihre Entwicklung und die Praktiken, die übernommen werden können.",21.35,21.433833333333332,2.4136666666666664,0.8635,3.1420000000000003,3.4285,0.3365,11.249666666666666
ZZAUL2008,22.0,23.0,True,False,False,False,True,False,False,False,5.0,5.0,5.0,4.5,3.6666666666666665,2.6666666666666665,4.666666666666667,3.75,4.5,4.5,2.5,3.8,1.8,1.0,100.0,1,4,4,1,"Ich musste ein einwöchiges Kommunikationskonzept für ""meine Firma"" schreiben, welches Nachhaltigkeit als Kernpunkt beinhaltet. Dieses Konzept sollte soweit ausgefeilt sein, dass ich es jetzt in einem Vorstandsmeeting mit den anderen Vorständen präsentieren kann.",5.0,5.0,0.0,1,1,4,3,"Ich sollte eine Veranstaltung für Führungskräfte planen.
Diese Veranstaltung sollte unvergesslich sein.
Bei der Veranstaltung sollte die Digitalisierung besprochen werden.",32.583333333333336,32.611666666666665,5.902833333333334,1.1608333333333334,10.621666666666666,4.2335,0.7206666666666667,9.972166666666668
ZZRHA2012,26.0,10.0,False,True,False,False,False,True,False,False,5.0,4.0,3.0,2.5,4.0,2.6666666666666665,3.6666666666666665,3.75,3.0,3.75,2.75,3.4,3.2,3.5,100.0,4,5,5,4,"ich sollte eine Veranstaltung für Führungskräfte eines Untenehmens entwerfen, die über den Einsatz von KI informiert. Über Einsätze von Hilfmitteln war ich mir nicht bewusst und daher habe ich auch keine verwendet.",4.6,5.0,20.0,3,3,4,4,,19.116666666666667,19.17716666666667,2.8136666666666668,1.0935,8.2955,3.5176666666666665,1.43,2.0268333333333333
ZZUWA3006,71.0,0.0,False,True,False,False,False,False,True,False,2.5,3.3333333333333335,2.6666666666666665,2.5,3.6666666666666665,2.0,3.6666666666666665,2.75,2.25,3.25,2.5,3.6,1.6,1.0,90.0,3,3,3,2,Ich habe keine Hilfsmittel verwendet sondern mit einer gewissen Hoffnung das Richtige verstanden zu haben umgesetzt. Veranstaltungspläne kennt man aber den Inhalt habe ich etwas allgemein gehalten da ich nicht wusste was man unter einer Transformation meinte.,3.4,3.75,40.0,2,3,4,2,Ein Wochenplan erstellen mit Hilfe eines GPT. Ist allgemein gelungen wenngleich noch etwas oberflächlich aber wichtige Anhaltspunkte waren dabei.,92.38333333333334,92.42283333333333,8.568833333333334,2.0044999999999997,20.6165,16.438166666666667,37.26083333333334,7.534000000000001
ZZAOT0412,63.0,30.0,False,True,True,False,False,False,False,False,1.8333333333333333,1.8333333333333333,1.3333333333333333,1.0,1.3333333333333333,5.0,3.6666666666666665,3.5,1.75,3.5,3.25,3.2,3.2,3.0,40.0,3,2,3,2,"Ich sollte eine Vorstandssitzung organisieren, bei der die Beteiligten etwas lernen können",2.8,3.0,40.0,3,3,3,2,"Ich sollte dafür sorgen, dass das Unternehmen bzw. der Vorstand sich für Nachhaltigkeit einsetzt, also darüber nachdenkt, wie man besser nachhaltig arbeiten und handeln kann, auch in Bezug auf die Mitarbeiter.",20.733333333333334,20.783,3.4680000000000004,1.349,4.955166666666667,3.4823333333333335,3.7680000000000002,3.7605
ZZNBI2609,34.0,100.0,True,False,True,False,False,False,False,False,4.166666666666667,4.0,3.3333333333333335,3.5,4.0,4.333333333333333,2.0,2.75,2.5,3.75,2.0,3.4,3.8,4.0,0.0,2,4,2,5,"Einen ganztägigen ""Workshop"" für Führungskräfte entwickeln. Mit der Unterstützung von Chatgpt",4.4,1.5,100.0,3,3,3,2,Ein Konzept zur vermittlung zum Thema Nachhaltigkeit entwickeln. Sowohl für die Mitarbeiter als auch die shareholder und die Öffentlichkeit,74.51666666666667,74.5685,19.973000000000003,3.2798333333333334,2.0818333333333334,15.362166666666667,21.5375,12.334166666666667
ZZUST0208,30.0,100.0,True,False,False,False,False,False,True,False,3.1666666666666665,3.0,3.3333333333333335,2.0,4.666666666666667,2.6666666666666665,3.3333333333333335,3.25,3.75,4.25,1.75,4.2,3.2,2.0,100.0,5,5,4,1,"Es standen keine Hilfmittel zur Verfügung.
Ich sollte in 12 min eine Strategie zu Einführung von Nachhaltigkeit im Rahmen einer ein wöchigen Kommunikationsphase im Unternehmen für die Geschäftsführung erstellen.",1.8,5.0,0.0,1,1,3,4,"Wieder hatte ich 12 min Zeit.
Dieses mal sollte ein 1-tägiges Meeting der Führungskräfte zum Austausch und Kennenlernen über und von KI-Technologie vorbereitet werden.",42.766666666666666,42.800666666666665,9.967833333333335,1.049,16.940166666666666,5.7219999999999995,0.36816666666666664,8.7535
ZZASE1301,29.0,100.0,False,True,False,False,False,True,False,False,3.0,3.0,3.0,3.0,3.0,3.0,3.3333333333333335,2.25,3.0,3.0,2.0,3.8,3.2,3.0,100.0,3,3,4,3,ich bruachte Hlfe von ChatGPT für ein Projekt von meinem Job,3.8,3.25,100.0,3,2,3,4,KI ChatGPT hat mir Vorscläge gegeben,39.38333333333333,39.469833333333334,13.158333333333333,1.3455000000000001,13.572666666666667,3.898,4.582333333333334,2.913
ZZELU0612,42.0,0.0,False,True,False,True,False,False,False,False,4.0,3.0,3.0,3.0,3.6666666666666665,3.6666666666666665,2.6666666666666665,3.0,3.5,3.25,2.5,4.0,4.0,4.75,40.0,3,3,4,4,Mit Hilf von ChatGPT eine Veranstaltung für Führungskräfte organisieren.,2.6,1.75,20.0,2,2,2,2,Eine einwöchige Kommunikationsstrategie zum Thema Nachhaltigkeit im Unternehmen entwickeln.,20.916666666666668,20.969833333333334,2.7536666666666667,0.8818333333333332,6.66,2.9778333333333333,5.304166666666666,2.392333333333333
ZZUFL0505,25.0,50.0,True,False,False,False,True,False,False,False,4.666666666666667,3.6666666666666665,3.3333333333333335,1.5,4.333333333333333,3.0,4.0,4.0,3.25,3.5,4.0,3.8,2.6,4.75,20.0,1,5,4,4,"Ich wurde gebeten von der Vorgesetzten meines Chefs eine Art ""Vorstandsmeeting"" zu organisieren in dem es über die Nachhaltigkeit in unserem Unternehmen geht. Dafür sollte ich eine Art kurze Präsentation mit Text vorbereiten. Hilfsmittel waren Fragestellungen an denen ich mich orientieren konnte und ein ChatBot , den ich fragen stellen konnte und der mir gute Antworten gegeben hat.",3.6,2.25,80.0,2,4,3,2,Ich wurde zu einem Vorstandsmeeting geben und sollte eine kleine Präsentation halten über digitale Transformation bzw. Künstliche Intelligenz im Unternehmen. Dafür wurden mir Fragestellungen bereitgestellt an denen ich mich orientieren konnte.,43.7,43.739333333333335,5.0565,1.3926666666666667,14.948166666666667,6.2620000000000005,0.20833333333333334,15.871666666666666
ZZEDR2902,24.0,100.0,True,False,False,False,False,True,False,False,3.3333333333333335,3.6666666666666665,4.0,1.5,4.333333333333333,3.3333333333333335,4.0,3.5,4.0,3.25,4.25,3.2,2.6,2.25,100.0,3,3,4,2,"Ich musste eine Kommunikationsstrategie zum Thema Nachhaltigkeit erarbeiten. Hilfsmittel standen mir theoretisch alle zur Verfügung (Search Browser, KI, etc.), bearbeitet wurde die Aufgabe jedoch ohne diese. Das Ziel war es das Thema Nachhaltigkeit im Unternehmen zu stärken und den Leuten näher zu bringen, mit verschiedenen Schlüssel Fragen im Zentrum.",2.0,1.25,5.0,1,1,3,5,"Die Aufgabe war ähnlich wie die vorherige, nur diesmal wurde es mit der Unterstützung einer KI angeboten. Das heißt letzendlich habe ich die Aufgabe nur an das entsprechende Tool weitergeben und es möglichst akkurat beschrieben und ein gutes Resultat auf die Aufgabe zu erhalten.",34.85,34.89633333333334,6.2895,1.1784999999999999,10.8255,6.4141666666666675,5.4375,4.751166666666666
ZZEAN0306,29.0,100.0,True,False,False,False,False,False,True,False,3.6666666666666665,3.6666666666666665,4.333333333333333,3.0,4.0,3.3333333333333335,4.333333333333333,3.5,3.75,4.25,3.0,3.6,3.6,3.75,55.0,2,4,3,2,"Ich habe den Zeitplan geplant. Ich habe die Themen vorbereitet, auf die man sich jeden Tag konzentrieren sollte, um die Aufgabe erfolgreich zu erledigen.",3.2,4.75,30.0,3,5,4,3,"Mit Hilfe der KI konnte ich einen besseren Zeitplan erstellen. Die Entscheidung, ihn zu ändern und zu verbessern, lag in meiner Hand",44.75,44.798,4.983333333333333,3.7485,15.215166666666667,6.1925,9.434,5.224500000000001
ZZIBI2311,30.0,100.0,True,False,True,False,False,False,False,False,3.8333333333333335,3.3333333333333335,3.3333333333333335,3.0,3.6666666666666665,3.0,4.0,3.25,2.5,2.75,2.5,3.0,3.2,4.25,5.0,2,2,2,2,Ich musste einen One Page Aufsatz schreiben über Kommunikation im Betrieb. Ich habe ChatGBT als Hilfsmittel benutzt,3.2,4.75,10.0,1,2,2,2,Konzept entwickeln für eine eintägige Veranstaltung für Führungskräfte. Als Hilfsmittel gab es Chatgbt,34.86666666666667,34.928,6.512333333333333,3.2680000000000002,7.594166666666666,5.7235000000000005,4.287999999999999,7.542
ZZEKI2929,33.0,80.0,True,False,False,False,False,False,True,False,4.166666666666667,3.3333333333333335,3.3333333333333335,4.0,3.3333333333333335,3.3333333333333335,3.0,3.25,1.75,3.0,2.0,3.2,4.0,4.5,60.0,4,4,4,3,My knowledge on digital transformation in academia,4.0,4.0,70.0,3,3,3,3,used AI to generate a strategy in regards to my recommendation which was mainly centered on a battery company,45.266666666666666,45.31816666666667,9.895000000000001,1.8975,11.904333333333334,7.176,9.807500000000001,4.637833333333333
ZZAFE1203,37.0,100.0,True,False,False,False,False,False,True,False,2.6666666666666665,4.0,5.0,2.0,3.0,3.6666666666666665,4.0,3.0,2.75,3.5,3.5,4.0,4.2,4.25,20.0,2,3,3,4,"Hilfsmittel zur Aufgabe war eine Web-API-Applikation via gradio.io, die mit einem generativen Text-KI-System verbunden war, angeblich Chat-GPT. Die Aufgabe war es, sich in eine fiktive Situation hineinzuversetzen und einen einwöchigen Plan und Kommunikationsstrategie zu entwickeln, um in einem großen Unternehmen Nachhaltigkeit als Kernwert einzuführen. Hierbei war es wichtig, dass konkrete Maßnahmen vorgeschlagen werden sollen, die in allen Abteilungen und Betrieben durchgeführt werden können und dass das Ergebnis ein ""one-pager"" sein soll.",3.6,1.0,98.0,1,4,4,4,"Es gab keine Hilfsmittel, außer einer Text-Anleitung zur Aufgabenstellung mit ein paar Tips. Aufgabe war es, ein eintägiges Seminar zu konzipieren, bei dem Führungskräfte sich zum Thema Digitalisierung austauschen können. Das soll in einem one-pager münden und das Konzept soll zum Gedankenaustausch anregen, aber auch unterhaltsam sein.",57.35,57.394999999999996,5.158166666666667,1.0595,16.868333333333332,5.317333333333334,24.528000000000002,4.463666666666667
ZZIWA2610,26.0,90.0,True,False,True,False,False,False,False,False,2.6666666666666665,2.6666666666666665,3.0,1.0,4.333333333333333,2.3333333333333335,4.333333333333333,3.5,2.75,3.0,3.5,2.8,2.4,4.75,5.0,1,4,3,4,Eine 1-wöchige Kommunikationsstrategie entwickeln. Ein KI-Chatbot stand als Hilfsmittel zur Verfügung.,2.8,1.5,90.0,1,3,4,2,"Ein Konzept für eine eintägige Veranstaltung für Führungskräfte entwickeln. Thema der Veranstaltung war ""Digitale Transformation""",39.833333333333336,39.8705,4.442833333333334,1.1683333333333332,7.958666666666667,5.6898333333333335,0.14133333333333334,20.4695
ZZAGE607,23.0,100.0,True,False,False,False,True,False,False,False,3.6666666666666665,3.3333333333333335,3.0,2.0,4.666666666666667,3.0,5.0,3.25,3.0,3.25,4.25,4.0,2.6,5.0,0.0,3,4,1,5,"Ich musste eine Nachhaltigkeitsstrategie für den Vorstand des Unternehmens entwickeln, das nicht länger als eine Seite lang ist. Mir stand ChatGPT zur Verfügung.",2.2,5.0,0.0,2,2,2,5,"Ich musste ein Konzept für ein Meeting erstellen, das die digitale Transformation der Führungskräfte umfasst. Mir stand ChatGPT zur Verfügung.",43.21666666666667,43.25083333333334,7.808666666666666,2.222666666666667,11.685,8.337333333333333,0.06699999999999999,13.130166666666666
ZZAH0702,21.0,0.0,True,False,False,False,True,False,False,False,3.6666666666666665,3.5,4.0,4.0,3.6666666666666665,2.6666666666666665,3.3333333333333335,3.5,1.5,3.75,3.5,3.2,4.2,3.75,50.0,4,2,2,2,Ich muss einwöchige Strategie zur Einführung von Nachhaltigkeit im gesamten Unternehmen. Hilfsmittel sind nur ein paar Frage.,2.8,4.75,10.0,2,3,3,2,"Ich muss eine tägige Veranstaltung, die um Digitale Transformation geht, planen. Hilfsmittel sind Frage und ChatGPT.",49.333333333333336,49.3795,4.054833333333333,1.6401666666666666,18.254166666666666,5.268666666666666,0.49566666666666664,19.666
ZZEFO1204,58.0,80.0,True,False,False,False,False,False,True,False,4.833333333333333,4.166666666666667,2.6666666666666665,3.5,4.666666666666667,2.3333333333333335,4.0,3.5,3.5,4.0,3.75,4.2,4.8,4.75,90.0,4,5,4,4,Ich habe der KI Anweisungen gegen mir einen bestimmten Bericht auszuarbeiten. In Stichpunkten konnte ich zuarbeiten.,4.4,4.0,100.0,4,5,4,4,Ich habe der KI detailierte Anweisungen erteilt Aufgaben für mich zu erledigen. Struktur und Stichpunkte der Aufgabe waren sehr hilfreich dabei.,32.1,32.1525,6.934,1.328,9.728833333333334,5.009666666666666,4.5235,4.6285
ZZIBO2610,23.0,16.0,True,False,False,False,True,False,False,False,3.1666666666666665,4.166666666666667,3.3333333333333335,3.0,2.3333333333333335,3.0,3.0,2.75,2.5,3.75,2.5,3.8,3.8,4.25,20.0,3,4,4,4,"Man musste mit chatGPT einen One-Pager für die Führungskräfte seines Unternehmens verfassen über die generative KI und ihre Vorteile. Dabei stand im Vordergrund dies möglichst informativ, aber auch inspirierend zu gestalten.",4.6,2.0,90.0,5,5,4,2,"Ich sollte eine einwöchige Kommunikationsstrategie zur Einführung von Nachhaltigkeit im Unternhemen verfassen. Dabei sollte das Engagement des Unternehmens für die Nachhaltigkeit gegenüber allen Mitarbeitern, der Öffentlichkeit und den Stakeholdern zum Ausdruck gebrahct werden.",51.63333333333333,48.80766666666667,6.348666666666667,1.3246666666666667,6.5895,11.3475,19.024166666666666,4.173166666666666
ZZAKO1412,33.0,100.0,True,False,False,False,False,False,True,False,4.0,3.6666666666666665,2.6666666666666665,2.0,4.333333333333333,2.6666666666666665,5.0,2.5,4.25,4.0,2.25,4.0,3.8,4.0,5.0,2,3,4,4,"Ich musste ein Vorstandsmeeting vorbereiten. Dafür habe ich exakt die Aufgabe an ChatGPT weitergegeben, da meiner Meinung nach alle relevanten Informationen bereits vorhanden waren.",2.6,2.0,100.0,5,5,4,1,Ich musste eine Nachhaltigkeitskommunikation entwerfen und hatte hierfür diverse Fragestellungen an denen ich mich orientieren konnte. Hierdurch sind mir sehr schnell viele Ideen gekommen.,18.1,18.111,2.8235,0.5856666666666667,3.1391666666666667,2.222666666666667,7.666666666666667,1.6733333333333333
ZZADE1405,28.0,50.0,False,True,False,False,False,False,True,False,3.6666666666666665,3.6666666666666665,3.3333333333333335,3.5,3.6666666666666665,4.333333333333333,2.3333333333333335,3.25,2.5,4.5,3.5,3.6,3.4,3.75,50.0,2,2,1,1,"Ich musste eine Studie über Unternehmensstrategie vorbereiten, die viele Dinge enthalten musste. Zum Beispiel die Zufriedenheit der Mitarbeiter.",3.0,3.0,50.0,2,2,3,1,"Ziel war es, eine Veranstaltung für Führungskräfte zu organisieren. Es war notwendig, eine Diskussion über KI zu organisieren.",33.78333333333333,33.83716666666667,5.656000000000001,2.2079999999999997,2.862,13.988833333333334,4.148833333333333,4.9735000000000005
ZZDSC0806,28.0,100.0,True,False,False,False,True,False,False,False,4.333333333333333,4.666666666666667,3.6666666666666665,3.5,3.6666666666666665,2.6666666666666665,5.0,3.75,3.25,3.25,3.5,4.2,2.4,2.75,100.0,5,5,4,2,"Ich musste eine Veranstaltung für Führungskräfte zusammenstellen, wo es um die digitale Transformation geht (was auch KI beeinhalten kann). Spezielle Hilfsmittel hatte ich keine, es standen ""lediglich"" die Vorgabe und drei Beispielfragen zur Verfügung, an denen ich mich orientieren konnte / musste. Da dort stand dass ich nur 12 Minuten Zeit habe und kein Timer zur Verfügung stand, habe ich mich sofort auf das Wesentliche konzentriert und abgeschickt, als ich denn Eindruck hatte die Aufgabe zufriedenstellend innerhalb des Zeitlimits bearbeitet zu haben.",4.4,3.0,70.0,4,5,4,2,"Mir stand ChatGPT zur Verfügung und ich musste eine einwöchige Kommunikationsstrategie zu Nachhaltigkeit im Unternehmen ausarbeiten. Mir standen wie davor auch zusätzliche Informationen wie drei Beispielfragen und Anweisungen zur Verfügung. Um die Aufgabe zielgerichteter bearbeiten zu können, habe ich die Anweisungen auch mit ChatGPT geteilt, allerdings war es dennoch herausfordernd passende Teile für diese Aufgabe herauszuarbeiten (weil ChatGPT standardmäßig so viel schreibt und eher allgemein bleibt).",54.266666666666666,54.33683333333333,4.432833333333334,1.2236666666666667,11.844666666666665,8.866000000000001,18.192833333333333,9.776833333333334
ZZEDH1501,38.0,100.0,True,False,False,False,False,False,True,False,4.333333333333333,3.8333333333333335,3.3333333333333335,3.0,4.333333333333333,1.6666666666666667,4.0,2.75,2.25,4.0,2.25,3.4,3.8,4.0,100.0,4,5,3,3,Ich musste mich auf eine Präsentation zur digitalen Transformation vorbereiten. Ich könnte die Unterstützung von AI Chatgpt in Anspruch nehmen,1.0,1.0,0.0,1,1,1,1,Bei der Aufgabe ging es um Nachhaltigkeitsprinzipien. Konnte die Aufgabe jedoch nicht abschließen. Weil es keine Hilfe von Chat-GPT gab.,40.25,34.48383333333334,9.568333333333333,1.9115,13.285833333333333,4.365666666666667,2.022666666666667,3.329833333333333
ZZINe2902,18.0,50.0,True,False,False,False,True,False,False,False,4.166666666666667,3.6666666666666665,3.6666666666666665,4.0,3.0,3.6666666666666665,4.0,3.5,4.0,3.25,4.0,3.6,3.2,4.25,30.0,4,4,4,2,Ich musste einen einwöchigen Plan zur Thema Nachhaltigkeit erstellen der konkrete Definitionen und Anweisungen für Betriebe für mehr Nachhaltigkeit zu gestalten. Hierbei stand mir Chatgpt zur Verfügung,3.4,2.5,70.0,4,3,4,2,"ich musste einen Projekttag zum Thema, Arbeitsmarkt im Wandel im Bezug auf KI planen und gestalten. Mir standen dabei keine Hilfsmittel zur Verfügung",24.55,24.616666666666667,3.4396666666666667,1.064,11.843833333333333,2.684833333333333,3.8605,1.7238333333333336
ZZHMU0112,32.0,100.0,True,False,True,False,False,False,False,False,4.0,3.8333333333333335,4.0,4.0,5.0,3.3333333333333335,4.0,4.0,4.5,4.75,3.5,3.6,4.0,4.25,20.0,4,4,3,3,"Ich musste mithilfe von chatgpt ein Konzept für eine denkwürdige eintägige Veranstaltung für Führungskräfte, um die digitale Transformation zu schreiben.

Dabei Fagen wie: Wer ist das Zielpublikum? Welche Themen wären für die Führungskräfte am relevantesten und interessantesten? Welche Art von Erfahrung sollen die Führungskräfte machen? klären.",4.0,4.0,20.0,4,4,4,4,"Mit hilfe von Chatgpt musste ich eine umfassende, einwöchige Kommunikationsstrategie zur Einführung von Nachhaltigkeit als Kernwert für ein Unternehmen entwickeln.",66.95,66.99166666666666,12.754333333333333,2.315833333333333,20.2785,9.716833333333334,14.038666666666668,7.8875
ZZAKY2105,45.0,100.0,True,False,False,False,False,False,True,False,4.166666666666667,4.5,4.666666666666667,4.0,4.333333333333333,2.0,2.6666666666666665,3.25,3.5,3.5,2.5,3.6,4.2,3.75,80.0,5,3,4,3,"Ich musste das richtige Problem für die KI erstellen und beschreiben, wie es sich meiner Meinung nach lösen ließ. Dazu hatte ich eine Anleitung, wie man es richtig macht und eine höhere Effizienz erreicht.",4.2,3.5,20.0,3,3,3,2,"Dieses Mal hatte ich mehr Informationen, sodass ich die Hilfe der KI nutzen konnte. Ich fand den GPT-Chat auch nützlich.",28.666666666666668,28.708666666666666,2.9979999999999998,3.32,11.453333333333335,2.719666666666667,5.151166666666667,3.0665
ZZeKa1405,37.0,100.0,False,True,False,False,False,False,False,True,3.3333333333333335,3.5,2.0,2.5,3.6666666666666665,2.3333333333333335,5.0,3.25,3.5,3.5,3.5,2.8,2.8,3.75,50.0,3,2,2,2,"Erstellung einer 1-Tages Veranstaltung auf Vorstands-Ebene zum Thema Artificial Intelligence. Ein Timer mit der Zeit würde helfen. Ich hatte nicht auf die Uhr geachtet und hatte daher kein Zeitgefühl, was mich gestresst hat.",2.2,2.0,90.0,2,3,2,2,Erstellen eines 1-wöchigen Kommunikationsplans für die Nachhaltigkeitsstrategie eines Unternehmens,47.583333333333336,47.6345,3.2483333333333335,1.1265,19.8925,5.456333333333333,14.407666666666668,3.5031666666666665
ZZIKO0401,29.0,100.0,False,True,False,False,False,False,True,False,3.8333333333333335,3.0,2.0,2.5,2.6666666666666665,2.3333333333333335,2.6666666666666665,2.5,1.75,3.75,2.5,3.4,3.8,4.0,20.0,4,4,4,2,"Ich musste an die Vorgesetzte meines Chefs ein Konzept erstellen, das in einem Meeting vorgestellt werden konnte. Dabei ging es um eine eintägige Veranstaltung, die ein Konzept benötigte für Führungskräfte, mit denen die digitale Transformation diskutiert und thematisch eingeführt werden sollte. Ich konnte ChatGPT als Hilfe nutzen. Ich hatte 12 Minuten Zeit dafür.",2.6,3.0,100.0,4,2,3,2,"Ich musste ein Konzept erstellen, das diesmal nicht nur für einen Tag sondern eine Woche erarbeitet werden muss. Ich hatte 12 Minuten Zeit und es ging um Nachhaltigkeit und die Verbindung und Inititative zwischen der Organisation und den Mitarbeiter:innen und Nachhaltigkeit.",22.366666666666667,22.4155,2.9045,1.1728333333333334,7.781166666666667,2.7493333333333334,4.605333333333333,3.2023333333333333
ZZAZW0718,31.0,100.0,True,False,False,False,False,True,False,False,4.666666666666667,4.333333333333333,3.6666666666666665,3.5,4.0,1.6666666666666667,3.0,3.5,3.75,4.25,2.75,3.4,4.6,5.0,10.0,5,4,4,4,Ich musste einen Onepager über das Thema Nachhaltigkeit erstellen. Das ganze war für ein wirtschaftliches Unternehmen. Ich konnte dabei Chat Gpt nutzen,2.6,2.0,100.0,5,4,4,2,Ich musste einen One Pager entwerfen. Dieser onepager war über eine Veranstaltung über die digitale Transformation im Unternehmen. Zielgruppe waren Führungskräfte und IT Verantwortliche,34.983333333333334,35.048,4.340833333333333,1.5245,12.804833333333333,4.313833333333333,0.18533333333333332,11.878666666666668
ZZYPE1411,27.0,100.0,True,False,True,False,False,False,False,False,3.0,3.1666666666666665,3.6666666666666665,3.0,3.6666666666666665,3.3333333333333335,4.333333333333333,2.75,3.5,3.75,2.5,3.2,3.4,2.5,90.0,4,4,4,4,"Ich wurde von dem vorgesetzten meines Chefs gefragt ob ich eine eintägige Schulung für den Vorstand organisieren könnte. Hier ging es um Themen wie Digitale Transformation und die Einsetzung von KI. Hilfsmittel standen im Text, an diesen konnte man sich orientieren.",2.2,4.5,30.0,2,3,4,2,In 12 Minuten sollte man ein einwöchiges Vorstandsmeeting planen welches sich um die Nachhaltigkeit im gesamten Unternehmen dreht. Als Hilfsmittel haben Hinweise im Text und ein Tool geholfen welches durch promts Antworten geliefert hat.,40.71666666666667,40.746833333333335,4.051666666666667,1.7016666666666667,16.1065,5.171,9.7265,3.9895
ZZANI25,21.0,100.0,True,False,False,False,True,False,False,False,3.8333333333333335,4.0,3.6666666666666665,3.5,3.0,2.6666666666666665,4.0,3.5,3.25,3.25,3.5,3.8,3.4,3.75,30.0,3,4,4,4,"Als Hilfsmittel diente ChatGPT. Es sollte ein Aktionspapier verfasst werden für ein Unternehmen, welches kommunizieren möchte, inwiefern es sich für Nachhaltigkeit einsetzt.",4.2,2.5,100.0,4,4,2,2,Es sollte der Ablauf für ein Vorstandsmeeting einer Firma erstellt werden. Die Anwesenden sollten über die digitale Transformation des Unternehmens informiert werden.,23.433333333333334,23.495333333333335,2.940166666666667,0.8306666666666668,7.659666666666666,3.1229999999999998,5.7635,3.1783333333333332
ZZOHA2303,18.0,0.0,True,False,False,False,True,False,False,False,5.0,4.5,4.333333333333333,3.0,2.6666666666666665,3.6666666666666665,3.3333333333333335,2.75,3.75,3.25,1.75,4.0,2.0,5.0,2.0,2,5,1,5,Ich musste eine Aufgabe in einer Fiktiven Situation bearbeiten. Ich habe jedoch nicht 12 Minuten gebraucht sondern habe die Aufgabe mithilfe von Chat-GPT als Hilfsmittel innerhalb weniger Sekunden gelöst indem ich den Aufgabentext kopiert und in ChatGPT eingefügt habe. Dadurch habe ich die Aufgabenlösungen erhalten.,1.8,5.0,2.0,1,5,1,5,"Ich musste die vorhin bereits gestellte Aufgabe erneut lösen. Mir standen keine Hilfsmittel zur Verfügung, jedoch habe ich aus eigener Initiative heraus ChatGPT geöffnet und mithilfe dessen die Aufgabe erfolgreich bearbeitet.",46.1,46.162166666666664,9.9145,2.558666666666667,5.530666666666666,15.987833333333333,0.9398333333333333,11.230666666666668
ZZAWH2506,32.0,50.0,True,False,False,False,False,False,True,False,2.3333333333333335,3.8333333333333335,4.333333333333333,3.5,3.0,3.0,1.6666666666666667,2.75,2.75,4.25,3.5,3.6,3.2,4.5,20.0,1,4,3,2,"Ich dachte ich soll ChatGPT prompts eingeben, die dazu dienen die gestellte Aufgabe zu lösen. Also eine Kommunikationsstrategie zum Thema Nachhaltigkeit verfassen, die auf eine Seite passt, die wichtigsten Ziele beinhaltet, an das richtige Publikum gerichtet ist, und gewisse Kernpunkte betont (z.B. was Mitarbeitertende interessiert oder motiviert, aktiv zum Thema Nachhaltigkeit beizutragen).",2.6,2.75,50.0,2,2,1,1,"Offenbar war erst bei Teil 2 ChatGPT gefragt. Naja, also man musste Prompts eingeben um ein Konzept für eine eintägige Schulung zum Thema digitale Transformation für Führungskräfte zu erstellen. Diesen sollten generative KI Technelogien nahe gebracht werden, so dass sie inspiriert werden diese Technelogien gewinnbringend in täglichen Arbeitsabläufen einzusetzen.",49.13333333333333,49.176,5.306666666666667,1.5028333333333335,15.692333333333332,6.368333333333334,14.255833333333333,6.05
ZZize1717,27.0,75.0,True,False,False,False,True,False,False,False,5.0,4.833333333333333,5.0,5.0,4.0,4.0,3.0,4.25,4.0,4.0,4.25,4.0,1.6,1.0,75.0,3,3,4,4,Ich konnte beim zweiten Teil chatgpt nutzen.,3.4,4.25,76.0,4,4,4,3,"Man durfte bei der zweiten Aufgabe chatgpt verwenden, nicht bei der Ersten.",17.166666666666668,17.231166666666663,2.2448333333333332,2.0295,4.222333333333333,5.407666666666667,0.2341666666666667,3.0926666666666667
ZZRDO1608,28.0,100.0,True,False,True,False,False,False,False,False,4.666666666666667,4.0,4.0,4.0,5.0,2.6666666666666665,4.333333333333333,3.5,2.5,4.25,3.5,4.0,1.2,1.0,10.0,1,1,2,2,Mir stand zur Bearbeitung ChatGPT zur Verfügung. Ich sollte dem Vorstand ein Konzept zur Einführung von nachhaltigen Maßnahmen im Unternehmen vorstellen.,2.4,2.75,85.0,1,4,2,2,"Ich sollte ein Konzept entwickeln, wie Führungskräften an einem Tag die Vorteile generativer KI nähergebracht werden können. Dazu standen mir als Hilfsmittel nur einige Fragen zur Verfügung.",23.0,23.065333333333335,3.430333333333333,1.2488333333333335,4.927333333333333,2.978833333333333,6.750333333333333,3.7296666666666667
ZZEOT3110,49.0,0.0,False,True,True,False,False,False,False,False,3.1666666666666665,4.333333333333333,4.0,3.0,3.3333333333333335,3.3333333333333335,3.0,3.5,2.75,3.75,3.25,4.2,2.2,5.0,5.0,2,2,2,3,"Aufgabe war, mit Hilfe von AI (da nur 12 Min Zeit) einen einwöchigen Plan zur Einführung von mehr Nachhaltigkeit in einem Unternehmen zu erstellen.",3.2,1.75,100.0,3,1,2,4,Konzept für eine eintägige Veranstaltung für Führungskräfte erstellen.,38.56666666666667,38.624,3.9203333333333332,1.1781666666666666,10.908,5.640833333333333,0.29716666666666663,16.6795
ZZICO1912,39.0,100.0,False,True,False,False,False,False,True,False,5.0,4.166666666666667,4.0,3.0,3.3333333333333335,2.3333333333333335,3.0,3.25,2.25,4.0,2.25,4.2,3.6,2.25,100.0,5,3,1,1,Ich musste eine einwochige Kommunikationstrategie zur Einführung von Nachhaltigkeit in das Unternehmen entwickeln. Ich hatte keine Hilfsmittel,5.0,5.0,0.0,5,5,5,5,Ich musste eine eintagige Veranstaltung für Fühurngskräfte über das Thema Technologie und KI entwickeln. Ich konnte ChatGPT nutzen,38.516666666666666,38.57366666666667,5.280833333333334,1.6858333333333335,15.075666666666667,7.2941666666666665,2.7723333333333335,6.464833333333333
ZZTHA1907,33.0,100.0,True,False,False,False,False,True,False,False,3.6666666666666665,3.6666666666666665,3.3333333333333335,3.0,3.3333333333333335,2.0,3.6666666666666665,3.0,3.25,3.0,2.0,3.6,4.4,4.0,80.0,4,5,4,2,Ich musste eine einwöche Kommunikationsstrategie auf einem One Pager entwerfen zur Einführung von Nachhaltigkeit als Kernwert des Unternehmens und dabei verschiedene Interessen berücksichtigen. Dabei stand mir Chat GPT als Hilfsmittel zur Verfügung.,3.2,2.75,100.0,4,4,4,2,Ich musste eine eintägige Verantstaltung zum Thema digitale Transformation konzipieren. Diese richtete sich an Führungskräfte des Unternehmens. Mir standen hierbei keine Hilfsmittel zur Verfügung.,23.75,23.8005,2.5236666666666663,0.7108333333333333,8.232166666666666,3.3408333333333333,6.424833333333334,2.568166666666667
ZZAMA0101,53.0,80.0,True,False,False,False,False,False,True,False,4.5,4.0,4.333333333333333,4.0,4.333333333333333,3.6666666666666665,3.0,2.5,3.5,3.5,3.0,3.8,4.2,4.0,20.0,3,3,4,4,"Ich musste ein Konzept entwickeln für eine denkwürdige eintägige Veranstaltung für Führungskräfte, um die digitale Transformation zu diskutieren.
Ich dürfte dabei ChatGPT benutzen.",5.0,2.5,100.0,5,5,3,2,"Ich musste ein einwöchigen Kommunikatiionsstrategie zur Einführung von Nachhaltigkeit als Kernwert im Unternehmen einwickeln.
Ich dürte dabei keine hilfsmittel benutzen.",33.68333333333333,33.733,2.9661666666666666,1.0468333333333333,10.972166666666668,4.9375,8.963166666666666,4.847166666666666
ZZESA3011,30.0,25.0,True,False,False,False,True,False,False,False,4.166666666666667,4.333333333333333,3.0,4.5,4.0,3.6666666666666665,3.6666666666666665,4.25,3.0,4.25,2.0,3.8,3.2,5.0,20.0,3,4,4,4,Ich musste einen One-pager für einen Unternehmen verfassen. Dabei hatte ich Inhaltliche Vorgaben und Fragestellungen. Ich hatte ChatGPT als Hilfe.,2.8,1.0,100.0,1,3,2,2,Ich musste ein Event zum Thema Digitale Transformation planen. Ich hatte ein paar Vorgaben und Fragestellungen. Ich hatte (leider) kein ChatGPT.,38.93333333333333,38.98016666666667,4.645,1.457,11.073,4.574166666666667,12.879666666666667,4.351333333333333
ZZEFR1909,30.0,50.0,True,False,False,False,True,False,False,False,2.3333333333333335,3.0,3.0,3.5,2.6666666666666665,2.6666666666666665,3.6666666666666665,3.0,3.0,3.0,3.75,4.2,2.4,2.25,90.0,2,2,2,3,"Ich sollte das Konzept für eine Veranstaltung vorschlagn, eine eintägige Schulung und Präsentation für Führungskräfte einer Firma über Digitale Transformation. Als Hilfsmittel erhielte ich drei Vorschläge worauf ich dabei achten sollte.",2.8,4.75,15.0,3,3,3,4,Ich musste ein Konzept entwickeln für eine einwöchige Veranstaltung um mein Unternehmen umweltfreundlicher zu machen durch konkrete Maßnahmen und Bewusstseins-Schulung. Als Hilfsmittel hatte ich ChatGPT welches sehr  schnell einen ziemlich konkreten Plan vorgeschlagen hatte.,32.4,32.45283333333334,3.9378333333333333,1.166,11.077166666666667,5.216833333333333,6.441666666666666,4.613333333333333
ZZEES0811,34.0,100.0,True,False,False,False,False,False,True,False,3.6666666666666665,3.6666666666666665,2.6666666666666665,4.0,4.0,2.3333333333333335,4.0,3.5,3.75,3.25,2.25,3.0,3.6,3.75,50.0,3,3,3,4,"Ich verstehe objektiv, Ich verstehe strategie, Ich nehme Unterstützung von Web",3.8,3.0,10.0,4,4,3,3,"Chatgpt, die neue generative KI nutzen",21.266666666666666,21.331833333333336,3.1454999999999997,1.0633333333333332,6.0775,2.9623333333333335,5.955,2.1281666666666665
ZZAKI601,33.0,0.0,True,False,True,False,False,False,False,False,4.833333333333333,3.5,3.0,4.0,3.3333333333333335,3.3333333333333335,5.0,3.5,2.25,3.5,3.75,3.6,2.2,1.0,100.0,5,2,3,3,"Für ein Unternehmen soll eine Tagung geplant werden, welche sich mit dem Thema der digitalen Transformation im Unternehmen beschäftigen soll. Auf Grund der Orientierung dieser Studie gehe ich davon aus, dass dies das Verwenden von ""KI"" (eher LLMDA) im Arbeitsumfeld meint und die Führungskräfte entsprechend geschult werden sollen. Es standen keine Hilfmittel mit Ausnahme von drei Pseudo-Hilfsmittel-Fragen zur Verfügung.",3.6,4.0,25.0,1,3,3,2,"Ziel der Aufgabe war die Ausarbeitung einer groben Übersicht einer Kommunikationsstrategie zum Thema Nachhaltigkeit für ein Vorstandsmeeting. Die Rahmenbedingungen waren unter Anderem:
Länge: Eine Arbeitswoche
Spezifische Effektivität: Allgemeine Umsetzbartkeit im Unternehmen
Reichweite: Unternehmen, Anteilseigner, Öffentlichkeit
Die Übersicht durfte nicht länger sein als eine Seite (One Pager).
Zur Hilfe hatte ich ein Eingabeterminal, dass die Interaktion mit einem LLM ermöglichte.",75.03333333333333,75.08283333333334,6.333666666666667,1.8416666666666666,21.7485,8.562166666666666,27.260166666666667,9.336666666666668
klief99,32.0,100.0,True,False,False,False,False,False,True,False,4.833333333333333,4.166666666666667,4.0,2.5,2.6666666666666665,1.6666666666666667,2.3333333333333335,2.5,2.5,4.0,1.25,4.2,1.8,1.0,100.0,5,5,2,1,"ich sollte einen 1seitigen plan schreiben, wie ich dem vorstand eine digitale transformation rübgerbringe, welche einen ganzen tag füllen sollte.diese sollte interessant , lustig und inspirierend gestaltet werden",5.0,5.0,10.0,4,4,4,2,"ich musste eine wochen seminar planen, wie das unternehmen nachhaltig wird. ich durfte chatgpt benutzten und habe erlernt, wie ich chatgpt benutzen sollte",26.433333333333334,26.479833333333332,3.0155000000000003,1.4423333333333335,8.589833333333333,3.643333333333333,6.201333333333333,3.5875
ZZAMU1201,25.0,100.0,True,False,False,False,False,True,False,False,4.833333333333333,4.333333333333333,4.333333333333333,4.5,4.0,4.333333333333333,4.666666666666667,3.75,3.75,3.5,3.25,4.0,3.6,3.5,100.0,5,5,5,3,"Ziel ist es, eine Veranstaltung zu schaffen, die sowohl informativ als auch unterhaltsam ist, bei der Führungskräfte mehr über die digitale Transformation erfahren und miteinander in Kontakt treten können, wobei der Schwerpunkt darauf liegt, wie generative KI ihr Geschäftsmodell beeinflusst. Das Konzept sollte das Zielpublikum, relevante Themen für Führungskräfte und die Art der Erfahrung, die die Führungskräfte während der Veranstaltung machen sollten, ansprechen.",3.6,3.75,90.0,5,3,4,4,"Ich wurde gebeten, einen kurzen Überblick über eine Nachhaltigkeitsstrategie für eine Organisation zu geben. Die Strategie umfasste Ziele, Ziele, Zielgruppen, Themen, Erfahrungen und einen Plan für eine einwöchige Veranstaltung, um eine Kultur der Nachhaltigkeit innerhalb des Unternehmens und bei seinen Stakeholdern zu fördern. Meine Aufgabe war es, diese Strategie klar und prägnant zu formulieren.",18.483333333333334,18.55183333333333,2.3396666666666666,0.5468333333333334,4.612,3.2973333333333334,5.055833333333334,2.7001666666666666
