"Antwort ID","Datum Abgeschickt","Letzte Seite","Start-Sprache","Zufallsgeneratorstartwert","Datum gestartet","Datum letzte Aktivität","Um Ihre Daten anonymisieren zu können und gleichzeitig die EEG Daten zuordnen zu können, möchten wir Sie bitten, einen Versuchspersonen-Code nach den folgenden Vorgaben zu erstellen:    	 	1. Zweiter Buchstabe des Vornamens der Mutter (z.B.: Birgit = I)  	 	 	2. Die ersten beiden Buchstaben des Geburtsorts (z.B.: Bern = BE) (sollten diese Buchstaben einen Umlaut haben, verwenden Sie bitte die Schreibweise ohne Umlaut z.B. Zürich =Zu) 	 	 	3. Geburtstag des Vaters (z.B.: 14.02. = 14)  	 	 	4. Monat des eigenen Geburtstags (z.B.: Juni = 06) 	   In diesem Beispiel würde der Code folgendermaßen aussehen = IBE1406). Bitte nehmen sie den gleichen Code wie den bereits erstellten Code auf dem bereitliegenden Papier! ","Welchem Geschlecht fühlen Sie sich zugehörig? ","Wie alt sind Sie?","Welcher ist Ihr höchster Bildungsabschluss? ","Zu welchem Prozentsatz sind Sie in Ihrem aktuellen Beschäftigungsverhältnis angestellt?","Bitte geben Sie an, inwiefern die folgenden Aussagen zur Nutzung von künstlicher Intelligenz (KI), wie zum Beispiel ChatGPT, auf Sie zutreffen.  [Ich kann KI-Anwendungen im täglichen Leben einsetzen.]","Bitte geben Sie an, inwiefern die folgenden Aussagen zur Nutzung von künstlicher Intelligenz (KI), wie zum Beispiel ChatGPT, auf Sie zutreffen.  [Ich kann KI-Anwendungen nutzen, um meinen Alltag zu erleichtern.]","Bitte geben Sie an, inwiefern die folgenden Aussagen zur Nutzung von künstlicher Intelligenz (KI), wie zum Beispiel ChatGPT, auf Sie zutreffen.  [Ich kann KI sinnvoll einsetzen, um meine Alltagsziele zu erreichen.]","Bitte geben Sie an, inwiefern die folgenden Aussagen zur Nutzung von künstlicher Intelligenz (KI), wie zum Beispiel ChatGPT, auf Sie zutreffen.  [Ich kann im Alltag mit KI so interagieren, dass meine Aufgaben erleichtert werden.]","Bitte geben Sie an, inwiefern die folgenden Aussagen zur Nutzung von künstlicher Intelligenz (KI), wie zum Beispiel ChatGPT, auf Sie zutreffen.  [Ich kann im Alltag gewinnbringend mit KI zusammenarbeiten.]","Bitte geben Sie an, inwiefern die folgenden Aussagen zur Nutzung von künstlicher Intelligenz (KI), wie zum Beispiel ChatGPT, auf Sie zutreffen.  [Ich kann im Alltag gewinnbringend mit KI kommunizieren.]","Bitte geben Sie an, inwiefern die folgenden Aussagen zur Nutzung von künstlicher Intelligenz (KI), wie zum Beispiel ChatGPT, auf Sie zutreffen.  [Ich kenne die wichtigsten Begriffe zum Thema ""KI"".]","Bitte geben Sie an, inwiefern die folgenden Aussagen zur Nutzung von künstlicher Intelligenz (KI), wie zum Beispiel ChatGPT, auf Sie zutreffen.  [Ich kenne Definitionen von KI.]","Bitte geben Sie an, inwiefern die folgenden Aussagen zur Nutzung von künstlicher Intelligenz (KI), wie zum Beispiel ChatGPT, auf Sie zutreffen.  [Ich kann die Grenzen und Möglichkeiten des Einsatzes von KI einschätzen.]","Bitte geben Sie an, inwiefern die folgenden Aussagen zur Nutzung von künstlicher Intelligenz (KI), wie zum Beispiel ChatGPT, auf Sie zutreffen.  [Ich kann die Vor- und Nachteile des Einsatzes von KI einschätzen.]","Bitte geben Sie an, inwiefern die folgenden Aussagen zur Nutzung von künstlicher Intelligenz (KI), wie zum Beispiel ChatGPT, auf Sie zutreffen.  [Ich kann mir neue Einsatzmöglichkeiten für KI vorstellen.]","Bitte geben Sie an, inwiefern die folgenden Aussagen zur Nutzung von künstlicher Intelligenz (KI), wie zum Beispiel ChatGPT, auf Sie zutreffen.  [Ich kann mir mögliche zukünftige Anwendungen von KI vorstellen.]","Bitte geben Sie an, inwiefern die folgenden Aussagen zur Nutzung von künstlicher Intelligenz (KI), wie zum Beispiel ChatGPT, auf Sie zutreffen.  [Ich kann erkennen, ob ich es mit einer Anwendung zu tun habe, die auf KI basiert.]","Bitte geben Sie an, inwiefern die folgenden Aussagen zur Nutzung von künstlicher Intelligenz (KI), wie zum Beispiel ChatGPT, auf Sie zutreffen.  [Ich kann Geräte, die KI verwenden, von solchen unterscheiden, die dies nicht tun.]","Bitte geben Sie an, inwiefern die folgenden Aussagen zur Nutzung von künstlicher Intelligenz (KI), wie zum Beispiel ChatGPT, auf Sie zutreffen.  [Ich kann unterscheiden, ob ich mit einer KI oder einem ""echten Menschen"" interagiere.]","Bitte geben Sie an, inwiefern die folgenden Aussagen zur Nutzung von künstlicher Intelligenz (KI), wie zum Beispiel ChatGPT, auf Sie zutreffen.  [Ich kann die Folgen des Einsatzes von KI für die Gesellschaft abwägen.]","Bitte geben Sie an, inwiefern die folgenden Aussagen zur Nutzung von künstlicher Intelligenz (KI), wie zum Beispiel ChatGPT, auf Sie zutreffen.  [Ich kann KI-basierte Anwendungen auf ihre ethischen Implikationen hin analysieren.]","Bitte geben Sie an, inwiefern die folgenden Aussagen auf Sie persönlich zutreffen.  [Bei Routinetransaktionen würde ich lieber mit einem KI System interagieren als mit einem Menschen.]","Bitte geben Sie an, inwiefern die folgenden Aussagen auf Sie persönlich zutreffen.  [Ein KI Agent wäre bei vielen Routineaufgaben besser als ein/e Angestellte/r.]","Bitte geben Sie an, inwiefern die folgenden Aussagen auf Sie persönlich zutreffen.  [Ich bin daran interessiert, KI Systeme in meinem täglichen Leben einzusetzen.]","Bitte geben Sie an, inwiefern die folgenden Aussagen auf Sie persönlich zutreffen.  [Ich denke, dass künstlich intelligente Systeme viele Fehler machen.]","Bitte geben Sie an, inwiefern die folgenden Aussagen auf Sie persönlich zutreffen.  [Ich schaudere vor Unbehagen, wenn ich an künftige Anwendungen von künstlicher Intelligenz denke.]","Bitte geben Sie an, inwiefern die folgenden Aussagen auf Sie persönlich zutreffen.  [Organisationen nutzen künstliche Intelligenz auf unethische Weise.]","Bitte geben Sie an, inwiefern die folgenden Aussagen auf Sie persönlich zutreffen. [Ich mag blaue Kleidung]","Bitte geben Sie an, inwiefern die folgenden Aussagen auf Sie persönlich zutreffen. [Ich mag die Farbe Blau]","Bitte geben Sie an, inwiefern die folgenden Aussagen auf Sie persönlich zutreffen. [Im Vergleich zu anderen Farben bevorzuge ich die Farbe Blau]","Bitte geben Sie an, inwiefern die folgenden Aussagen auf Sie persönlich zutreffen. [Ich bin eher zurückhaltend, reserviert.]","Bitte geben Sie an, inwiefern die folgenden Aussagen auf Sie persönlich zutreffen. [Ich bin begeisterungsfähig und kann andere leicht mitreißen.]","Bitte geben Sie an, inwiefern die folgenden Aussagen auf Sie persönlich zutreffen. [Ich bin eher der „stille Typ“, wortkarg.]","Bitte geben Sie an, inwiefern die folgenden Aussagen auf Sie persönlich zutreffen. [Ich gehe aus mir heraus, bin gesellig.]","Bitte geben Sie an, inwiefern die folgenden Aussagen auf Sie persönlich zutreffen. [Ich neige dazu, andere zu kritisieren.]","Bitte geben Sie an, inwiefern die folgenden Aussagen auf Sie persönlich zutreffen. [Ich schenke anderen leicht Vertrauen, glaube an das Gute im Menschen.]","Bitte geben Sie an, inwiefern die folgenden Aussagen auf Sie persönlich zutreffen. [Ich kann mich kalt und distanziert verhalten.]","Bitte geben Sie an, inwiefern die folgenden Aussagen auf Sie persönlich zutreffen. [Ich kann mich schroff und abweisend anderen gegenüber verhalten.]","Bitte geben Sie an, inwiefern die folgenden Aussagen auf Sie persönlich zutreffen. [Ich erledige Aufgaben gründlich.]","Bitte geben Sie an, inwiefern die folgenden Aussagen auf Sie persönlich zutreffen. [Ich bin bequem, neige zur Faulheit.]","Bitte geben Sie an, inwiefern die folgenden Aussagen auf Sie persönlich zutreffen. [Ich bin tüchtig und arbeite schnell.]","Bitte geben Sie an, inwiefern die folgenden Aussagen auf Sie persönlich zutreffen. [Ich mache Pläne und führe sie auch durch.]","Bitte geben Sie an, inwiefern die folgenden Aussagen auf Sie persönlich zutreffen. [Ich werde leicht deprimiert, niedergeschlagen.]","Bitte geben Sie an, inwiefern die folgenden Aussagen auf Sie persönlich zutreffen. [Ich bin entspannt, lasse mich durch Stress nicht aus der Ruhe bringen.]","Bitte geben Sie an, inwiefern die folgenden Aussagen auf Sie persönlich zutreffen. [Ich mache mir viele Sorgen.]","Bitte geben Sie an, inwiefern die folgenden Aussagen auf Sie persönlich zutreffen. [Ich werde leicht nervös und unsicher.]","Bitte geben Sie an, inwiefern die folgenden Aussagen auf Sie persönlich zutreffen. [Ich bin vielseitig interessiert.]","Bitte geben Sie an, inwiefern die folgenden Aussagen auf Sie persönlich zutreffen. [Ich bin tiefsinnig, denke gerne über Sachen nach.]","Bitte geben Sie an, inwiefern die folgenden Aussagen auf Sie persönlich zutreffen. [Ich habe eine aktive Vorstellungskraft, bin phantasievoll.]","Bitte geben Sie an, inwiefern die folgenden Aussagen auf Sie persönlich zutreffen. [Ich schätze künstlerische und ästhetische Eindrücke.]","Bitte geben Sie an, inwiefern die folgenden Aussagen auf Sie persönlich zutreffen. [Ich habe nur wenig künstlerisches Interesse.]","Als nächstes werden Sie zu unserer Plattform weitergeleitet. Sie werden insgesamt zwei Aufgaben dort lösen.  Über den Ablauf dieser Studie (bitte sorgfältig lesen):  Wenn Sie auf ""Weiter"" klicken, erhalten Sie den Link zur Plattform. Klicken Sie auf den Link und es wird sich nun ein Pop Up Fenster öffnen.  Das Browser-Fenster der Umfrage sollte die ganze Zeit geöffnet bleiben.   Sie können dann den Anweisungen auf der Plattform folgen. Nach der ersten Aufgabe werden Sie zurück zur Umfrage wechseln, um hier einige Fragen zu beantworten. Danach können Sie zurück zum Browserfenster mit der Plattform navigieren und bekommen dort eine zweite Aufgabe. Sobald diese fertig ist, navigieren Sie zurück zur Umfrage und beantworten erneut einige Fragen.   Für das Experiment ist es sehr wichtig, dass Sie das Browserfenster mit der Umfrage und das Browser-Fenster mit der Plattform ständig geöffnet halten. Die Plattform kann erkennen, wenn Sie in andere Tabs wechseln bzw. Tabs schliessen und wird Sie automatisch aus der Studie entfernen.  Haben Sie den weiteren Ablauf der Studie gelesen und verstanden? ","Sie dürfen nun die Website mit der Plattform besuchen. Klicken Sie dazu auf den folgenden Link und es wird sich ein neues Browserfenster öffnen.   https://experimental-design-a57774315eef.herokuapp.com/ ","Ich habe Aufgabe 1 auf der Plattform gelöst","Bitte geben Sie an, inwiefern die folgenden Aussagen auf die vorherige Aufgabe, ggf. unterstützt durch zusätzliche Hilfsmittel, zutreffen. [Die Aufgabe, ggf. unterstützt durch zusätzliche Hilfsmittel, hat mir dabei geholfen, meine Fähigkeiten zu entwickeln.]","Bitte geben Sie an, inwiefern die folgenden Aussagen auf die vorherige Aufgabe, ggf. unterstützt durch zusätzliche Hilfsmittel, zutreffen. [Die Aufgabe, ggf. unterstützt durch zusätzliche Hilfsmittel, hat mir dabei geholfen, mich beruflich weiterzuentwickeln.]","Bitte geben Sie an, inwiefern die folgenden Aussagen auf die vorherige Aufgabe, ggf. unterstützt durch zusätzliche Hilfsmittel, zutreffen. [Die Aufgabe, ggf. unterstützt durch zusätzliche Hilfsmittel, hat mir dabei geholfen, bei der Aufgabenlösung neue Dinge zu lernen.]","Bitte geben Sie an, inwiefern die folgenden Aussagen auf die vorherige Aufgabe, ggf. unterstützt durch zusätzliche Hilfsmittel, zutreffen. [Die Aufgabe, ggf. unterstützt durch zusätzliche Hilfsmittel, hat dafür gesorgt, dass ich meine Fähigkeiten voll ausschöpfen konnte.]","Bitte geben Sie an, inwiefern die folgenden Aussagen auf die vorherige Aufgabe, ggf. unterstützt durch zusätzliche Hilfsmittel, zutreffen. [Ich konnte selbst entscheiden, wie ich Dinge tue.]","Bitte geben Sie an, inwiefern die folgenden Aussagen auf die vorherige Aufgabe, ggf. unterstützt durch zusätzliche Hilfsmittel, zutreffen. [Die Aufgabe, ggf. unterstützt durch zusätzliche Hilfsmittel, hat dafür gesorgt, dass die Bearbeitung geistig weniger anstrengend ist.]","Bitte geben Sie an, inwiefern die folgenden Aussagen auf die vorherige Aufgabe, ggf. unterstützt durch zusätzliche Hilfsmittel, zutreffen. [Die Aufgabe, ggf. unterstützt durch zusätzliche Hilfsmittel, hat mir dabei geholfen, dass die Bearbeitung emotional weniger intensiv ist.]","Bitte geben Sie an, inwiefern die folgenden Aussagen auf die vorherige Aufgabe, ggf. unterstützt durch zusätzliche Hilfsmittel, zutreffen. [Die Aufgabe, ggf. unterstützt durch zusätzliche Hilfsmittel, hat mir dabei geholfen, dass ich bei der Bearbeitung nicht viele schwierige Entscheidungen treffen musste.]","Bitte geben Sie an, inwiefern die folgenden Aussagen auf die vorherige Aufgabe, ggf. unterstützt durch zusätzliche Hilfsmittel, zutreffen. [Die Aufgabe, ggf. unterstützt durch zusätzliche Hilfsmittel, hat mir dabei geholfen die Bearbeitung so zu organisieren, dass ich mich nicht über einen zu langen Zeitraum am Stück konzentrieren muss.]","Bitte schätzen Sie Ihren wahrgenommenen Eigenanteil an dieser Aufgabe in einer Prozentzahl zwischen 1% und 100% ein. ","Bitte geben Sie an, inwiefern die folgenden Aussagen auf die vorherige Aufgabe zugetroffen haben.  [Ich habe Dinge getan, die mich interessieren]","Bitte geben Sie an, inwiefern die folgenden Aussagen auf die vorherige Aufgabe zugetroffen haben.  [Ich hatte das Gefühl, dass ich auch schwierige Aufgaben sehr gut bewältigen konnte]","Bitte geben Sie an, inwiefern die folgenden Aussage auf die vorherige Aufgabe zutrifft [Wie würden Sie Ihre Gesamtproduktivität bei der vorherigen Aufgabe bewerten?]","Bitte geben Sie an, inwiefern die folgenden Aussage auf die vorherige Aufgabe zutrifft [Wie würden sie die Schwierigkeit der Aufgabe bewerten?]","Bitte beschreiben Sie 2 - 3 Sätzen, was Sie in der vorherigen Aufgabe tun mussten und welche Hilfsmittel Ihnen zur Verfügung standen. ","Bitte wechseln Sie nun zurück zu dem Tab mit der Platform und lösen Sie die zweite Aufgabe. Sie haben 12 Minuten Zeit hierfür.  ","Bitte geben Sie an, inwiefern die folgenden Aussagen auf die vorherige Aufgabe, ggf. unterstützt durch zusätzliche Hilfsmittel, zutreffen.  [Die Aufgabe, ggf. unterstützt durch zusätzliche Hilfsmittel, hat mir dabei geholfen, meine Fähigkeiten zu entwickeln.]","Bitte geben Sie an, inwiefern die folgenden Aussagen auf die vorherige Aufgabe, ggf. unterstützt durch zusätzliche Hilfsmittel, zutreffen.  [Die Aufgabe, ggf. unterstützt durch zusätzliche Hilfsmittel, hat mir dabei geholfen, mich beruflich weiterzuentwickeln.]","Bitte geben Sie an, inwiefern die folgenden Aussagen auf die vorherige Aufgabe, ggf. unterstützt durch zusätzliche Hilfsmittel, zutreffen.  [Die Aufgabe, ggf. unterstützt durch zusätzliche Hilfsmittel, hat mir dabei geholfen, bei der Aufgabenlösung neue Dinge zu lernen.]","Bitte geben Sie an, inwiefern die folgenden Aussagen auf die vorherige Aufgabe, ggf. unterstützt durch zusätzliche Hilfsmittel, zutreffen.  [Die Aufgabe, ggf. unterstützt durch zusätzliche Hilfsmittel, hat dafür gesorgt, dass ich meine Fähigkeiten voll ausschöpfen konnte.]","Bitte geben Sie an, inwiefern die folgenden Aussagen auf die vorherige Aufgabe, ggf. unterstützt durch zusätzliche Hilfsmittel, zutreffen.  [Ich konnte selbst entscheiden, wie ich Dinge tue.]","Bitte geben Sie an, inwiefern die folgenden Aussagen auf die vorherige Aufgabe, ggf. unterstützt durch zusätzliche Hilfsmittel, zutreffen.  [Die Aufgabe, ggf. unterstützt durch zusätzliche Hilfsmittel, hat dafür gesorgt, dass die Bearbeitung geistig weniger anstrengend ist.]","Bitte geben Sie an, inwiefern die folgenden Aussagen auf die vorherige Aufgabe, ggf. unterstützt durch zusätzliche Hilfsmittel, zutreffen.  [Die Aufgabe, ggf. unterstützt durch zusätzliche Hilfsmittel, hat mir dabei geholfen, dass die Bearbeitung emotional weniger intensiv ist.]","Bitte geben Sie an, inwiefern die folgenden Aussagen auf die vorherige Aufgabe, ggf. unterstützt durch zusätzliche Hilfsmittel, zutreffen.  [Die Aufgabe, ggf. unterstützt durch zusätzliche Hilfsmittel, hat mir dabei geholfen, dass ich bei der Bearbeitung nicht viele schwierige Entscheidungen treffen musste.]","Bitte geben Sie an, inwiefern die folgenden Aussagen auf die vorherige Aufgabe, ggf. unterstützt durch zusätzliche Hilfsmittel, zutreffen.  [Die Aufgabe, ggf. unterstützt durch zusätzliche Hilfsmittel, hat mir dabei geholfen die Bearbeitung so zu organisieren, dass ich mich nicht über einen zu langen Zeitraum am Stück konzentrieren muss.]","Bitte geben Sie an, inwiefern die folgenden Aussagen auf die vorherige Aufgabe, ggf. unterstützt durch zusätzliche Hilfsmittel, zutreffen.  [Bitte wähle Option ""trifft teilweise zu"" aus ]","Bitte schätzen Sie Ihren wahrgenommenen Eigenanteil an dieser Aufgabe in einer Prozentzahl zwischen 1% und 100% ein. ","Bitte geben Sie an, inwiefern die folgenden Aussagen auf die vorherige Aufgabe zugetroffen haben.  [Ich habe Dinge getan, die mich interessieren]","Bitte geben Sie an, inwiefern die folgenden Aussagen auf die vorherige Aufgabe zugetroffen haben.  [Ich hatte das Gefühl, dass ich auch schwierige Aufgaben sehr gut bewältigen  konnte]","Bitte geben Sie an, inwiefern die folgende Aussage auf die vorherige Aufgabe zutrifft.  [Wie würden Sie Ihre Gesamtproduktivität bei der vorherigen Aufgabe bewerten?]","Bitte geben Sie an, inwiefern die folgende Aussage auf die vorherige Aufgabe zutrifft. [Wie würden Sie die Schwierigkeit der Aufgabe bewerten?]","Bitte beschreiben Sie 2 - 3 Sätzen, was Sie in der vorherigen Aufgabe tun mussten und welche Hilfsmittel Ihnen zur Verfügung standen. ","Gesamtzeit","Gruppenzeit: Demografie","Fragenzeit: VPNCode","Fragenzeit: Gender","Fragenzeit: AGE","Fragenzeit: Edu","Fragenzeit: WORK","Fragenzeit: AILiteracy","Fragenzeit: PGAT","Fragenzeit: NGAT","Fragenzeit: CMV","Gruppenzeit: Persönlichkeitsmerkmale","Fragenzeit: NEO","Gruppenzeit: Task1","Fragenzeit: ERK","Fragenzeit: LinktoTool","Fragenzeit: TEST","Gruppenzeit: Fragen zu Aufgabe 1","Fragenzeit: JC1","Fragenzeit: SE1","Fragenzeit: SDT1","Fragenzeit: PROD1","Fragenzeit: TASKDIF1","Fragenzeit: MANI1","Gruppenzeit: Task2","Fragenzeit: E2","Gruppenzeit: Fragen zu Aufgabe 2","Fragenzeit: JC2","Fragenzeit: SE2","Fragenzeit: SDT2","Fragenzeit: PROD2","Fragenzeit: TASKDIF2","Fragenzeit: MANI2"
"18","2024-03-06 11:17:14","6","de","468020420","2024-03-06 10:58:20","2024-03-06 11:17:14","AHO1006","Männlich","26","Bachelor","40","Trifft teilweise zu","Trifft voll zu","Trifft teilweise zu","Trifft voll zu","Trifft voll zu","Trifft voll zu","Trifft voll zu","Trifft teilweise zu","Trifft voll zu","Trifft teilweise zu","Trifft voll zu","Trifft voll zu","Trifft teilweise zu","Trifft teilweise zu","Trifft teilweise zu","Trifft teilweise zu","Teils, teils","Trifft teilweise zu","Trifft teilweise zu","Trifft voll zu","Trifft eher nicht zu","Trifft eher nicht zu","Trifft eher nicht zu","Trifft voll zu","Trifft voll zu","Trifft teilweise zu","Trifft gar nicht zu","Trifft voll zu","Trifft gar nicht zu","Trifft voll zu","Trifft teilweise zu","Trifft teilweise zu","Trifft teilweise zu","Trifft teilweise zu","Trifft teilweise zu","Trifft eher nicht zu","Trifft teilweise zu","Trifft voll zu","Trifft gar nicht zu","Trifft teilweise zu","Trifft gar nicht zu","Trifft gar nicht zu","Trifft voll zu","Trifft teilweise zu","Trifft eher nicht zu","Teils, teils","Teils, teils","Ja","","Ja","Trifft eher nicht zu","Trifft gar nicht zu","Trifft eher nicht zu","Trifft eher nicht zu","Trifft voll zu","Teils, teils","Trifft eher nicht zu","Trifft eher nicht zu","Trifft eher nicht zu","100","Trifft eher nicht zu","Trifft eher nicht zu","Eher nicht zufriedenstellend","Eher schwierig","Ich musste eine Kommunikationsstrategie erstellen um Nachhaltigkeit im Unternehmen einzuführen. Hierzu hatte ich wenige Informationen und keine Hilfsmittel.","","Trifft eher nicht zu","Trifft eher nicht zu","Trifft teilweise zu","Trifft gar nicht zu","Trifft voll zu","Trifft voll zu","Trifft voll zu","Trifft voll zu","Trifft voll zu","Trifft teilweise zu","20","Teils, teils","Trifft voll zu","Voll zufriedenstellend","Extrem leicht","Ich musste ein Konzept zum Thema digitale Transformation entwickeln und konnte dabei auch chatgpt als Hilfsmittel zugreifen.","492.56","168.38","","","","","","","","","","48.04","","9.41","","","","129.7","","","","","","","3.75","","133.28","","","","","",""
"19","2024-03-06 12:53:52","6","de","63043224","2024-03-06 12:13:14","2024-03-06 12:53:52","AWA2505","Weiblich","21","Abitur oder Fachabitur","20","Trifft teilweise zu","Trifft teilweise zu","Teils, teils","Trifft teilweise zu","Trifft teilweise zu","Trifft teilweise zu","Trifft eher nicht zu","Trifft teilweise zu","Trifft eher nicht zu","Trifft teilweise zu","Trifft teilweise zu","Trifft voll zu","Teils, teils","Trifft eher nicht zu","Trifft teilweise zu","Trifft eher nicht zu","Teils, teils","Trifft teilweise zu","Trifft teilweise zu","Trifft teilweise zu","Trifft teilweise zu","Trifft eher nicht zu","Teils, teils","Trifft teilweise zu","Trifft voll zu","Teils, teils","Trifft eher nicht zu","Trifft teilweise zu","Trifft gar nicht zu","Teils, teils","Trifft eher nicht zu","Trifft teilweise zu","Trifft eher nicht zu","Trifft eher nicht zu","Trifft teilweise zu","Teils, teils","Teils, teils","Trifft teilweise zu","Trifft gar nicht zu","Trifft teilweise zu","Teils, teils","Teils, teils","Trifft voll zu","Trifft teilweise zu","Trifft voll zu","Trifft voll zu","Trifft gar nicht zu","Ja","","Ja","Teils, teils","Teils, teils","Trifft teilweise zu","Trifft eher nicht zu","Trifft voll zu","Trifft eher nicht zu","Trifft eher nicht zu","Trifft eher nicht zu","Trifft eher nicht zu","100","Teils, teils","Teils, teils","Eher nicht zufriedenstellend","Eher schwierig","Ich musste einen einwöchige Kommunikationsstrategie für ein Vorstandstreffen eines Unternehmens erstellen um Nachhaligkeit als neuen Kernwert einzuführen. Mir standen keine Hilfsmittel zur Verfügung.","","Trifft eher nicht zu","Trifft eher nicht zu","Trifft voll zu","Teils, teils","Trifft teilweise zu","Trifft voll zu","Trifft voll zu","Trifft teilweise zu","Trifft teilweise zu","Trifft teilweise zu","10","Trifft teilweise zu","Trifft voll zu","Teils, teils","Eher schwierig","Ich musste einen eintägigen Veranstaltungsplan erstellen für Führungskräfte zum über die digitale Transformation zu diskutieren. Mir stand ChatGPT zur Verfügung.","2440.29","193.46","","","","","","","","","","80.4","","906.77","","","","197.52","","","","","","","913.02","","149.12","","","","","",""
"20","2024-03-07 10:39:51","6","de","1018593392","2024-03-07 10:07:31","2024-03-07 10:39:51","EZA0703","Männlich","22","Abitur oder Fachabitur","10%","Trifft teilweise zu","Trifft voll zu","Trifft voll zu","Trifft voll zu","Teils, teils","Teils, teils","Trifft teilweise zu","Teils, teils","Trifft teilweise zu","Trifft teilweise zu","Trifft voll zu","Trifft voll zu","Teils, teils","Teils, teils","Trifft teilweise zu","Teils, teils","Teils, teils","Trifft teilweise zu","Trifft teilweise zu","Trifft voll zu","Teils, teils","Teils, teils","Teils, teils","Trifft teilweise zu","Trifft voll zu","Trifft teilweise zu","Teils, teils","Teils, teils","Trifft teilweise zu","Teils, teils","Trifft eher nicht zu","Trifft teilweise zu","Teils, teils","Teils, teils","Trifft teilweise zu","Trifft eher nicht zu","Trifft teilweise zu","Trifft teilweise zu","Trifft eher nicht zu","Teils, teils","Trifft teilweise zu","Teils, teils","Trifft teilweise zu","Trifft voll zu","Trifft teilweise zu","Trifft teilweise zu","Trifft eher nicht zu","Ja","","Ja","Teils, teils","Trifft teilweise zu","Trifft voll zu","Trifft teilweise zu","Trifft voll zu","Trifft teilweise zu","Trifft teilweise zu","Trifft voll zu","Trifft voll zu","35","Teils, teils","Trifft teilweise zu","Eher zufriedenstellend","Eher leicht","Ziel war es einen One-Pager für eine Veranstaltung zu erstellen. Es war wichtig, dass die Veranstaltung informativ, aber auch gesellig ist. Zielgruppe waren Führungskräfte.

Hilfsmittel - AI-Chatbot","","Teils, teils","Trifft teilweise zu","Teils, teils","Trifft teilweise zu","Trifft voll zu","Trifft eher nicht zu","Trifft eher nicht zu","Trifft eher nicht zu","Trifft eher nicht zu","Trifft teilweise zu","100","Teils, teils","Trifft teilweise zu","Teils, teils","Eher schwierig","Ziel war es einen einwöchigen Workshop zum Thema Nachhaltigkeit als Kernwert zu erstellen. Dabei war es wichtig, die Veranstaltung informativ und interessant zu gestalten.

Es standen keine Hilfsmittel zur Verfügung.","1942.98","183.62","","","","","","","","","","78.63","","674.4","","","","184.98","","","","","","","669.74","","151.61","","","","","",""
"21","2024-03-07 12:02:52","6","de","45327585","2024-03-07 11:19:01","2024-03-07 12:02:52","AGU2207","Männlich","23","Bachelor","0","Trifft voll zu","Trifft teilweise zu","Trifft teilweise zu","Trifft teilweise zu","Trifft teilweise zu","Trifft teilweise zu","Trifft teilweise zu","Trifft eher nicht zu","Teils, teils","Teils, teils","Trifft voll zu","Trifft teilweise zu","Teils, teils","Teils, teils","Teils, teils","Trifft eher nicht zu","Teils, teils","Trifft voll zu","Trifft voll zu","Trifft voll zu","Teils, teils","Trifft teilweise zu","Teils, teils","Trifft voll zu","Trifft voll zu","Trifft teilweise zu","Trifft gar nicht zu","Trifft voll zu","Trifft gar nicht zu","Trifft voll zu","Trifft teilweise zu","Trifft teilweise zu","Trifft gar nicht zu","Trifft eher nicht zu","Teils, teils","Trifft voll zu","Teils, teils","Trifft eher nicht zu","Teils, teils","Teils, teils","Trifft teilweise zu","Trifft voll zu","Trifft voll zu","Trifft voll zu","Teils, teils","Trifft eher nicht zu","Trifft voll zu","Ja","","Ja","Teils, teils","Teils, teils","Teils, teils","Trifft voll zu","Trifft teilweise zu","Trifft teilweise zu","Trifft eher nicht zu","Trifft voll zu","Trifft gar nicht zu","50","Trifft eher nicht zu","Trifft voll zu","Teils, teils","Teils, teils","Ich sollte in der Aufgabe eine Strategie ausarbeiten durch die Nachhaltigkeit als neuer Kernwert in das Unternehmen aufgenommen werden soll. Dafür sollte ich eine Woche mit Aufgaben und Impulsen gestallten die sicherstellt, dass alle relevanten Stakeholder eingeschlossen werden. Ich konnte zur Bearbeitung ChatGPT als KI nutzen, die mir eine erste Vorlage für die Woche gegeben hat in die ich reinarbeiten konnte.","","Trifft teilweise zu","Trifft eher nicht zu","Trifft eher nicht zu","Trifft eher nicht zu","Trifft voll zu","Teils, teils","Trifft eher nicht zu","Teils, teils","Trifft gar nicht zu","Trifft teilweise zu","100","Trifft eher nicht zu","Trifft eher nicht zu","Teils, teils","Teils, teils","Ich sollte einen Tag konzipieren bei dem Führungskräfte unserer Firma Impulse zur digitalen Transformation kriegen. Dafür habe ich den Ablauf des Tages konzipiert in dem durch verschiedene Workshops die Potenziale aufgezeigt werden sollte. KI hatte ich in dieser Aufgabe nicht als Unterstützung.","2634.58","157.65","","","","","","","","","","68.81","","1333.81","","","","237.58","","","","","","","5.01","","831.72","","","","","",""
"22","2024-03-07 14:17:40","6","de","1480525241","2024-03-07 13:34:55","2024-03-07 14:17:40","NPR1810","Weiblich","22","Bachelor","10%","Trifft teilweise zu","Trifft teilweise zu","Teils, teils","Trifft teilweise zu","Teils, teils","Teils, teils","Trifft teilweise zu","Trifft teilweise zu","Trifft eher nicht zu","Trifft voll zu","Trifft teilweise zu","Trifft teilweise zu","Trifft teilweise zu","Teils, teils","Teils, teils","Trifft eher nicht zu","Trifft eher nicht zu","Trifft eher nicht zu","Teils, teils","Trifft teilweise zu","Teils, teils","Trifft teilweise zu","Teils, teils","Trifft eher nicht zu","Trifft eher nicht zu","Trifft gar nicht zu","Teils, teils","Trifft teilweise zu","Trifft eher nicht zu","Trifft teilweise zu","Trifft teilweise zu","Teils, teils","Trifft teilweise zu","Trifft teilweise zu","Trifft voll zu","Trifft eher nicht zu","Trifft teilweise zu","Trifft voll zu","Trifft eher nicht zu","Trifft eher nicht zu","Trifft teilweise zu","Teils, teils","Trifft voll zu","Trifft voll zu","Trifft teilweise zu","Trifft voll zu","Trifft gar nicht zu","Ja","","Ja","Trifft eher nicht zu","Trifft eher nicht zu","Trifft eher nicht zu","Teils, teils","Trifft voll zu","Teils, teils","Teils, teils","Trifft eher nicht zu","Trifft teilweise zu","75","Trifft teilweise zu","Trifft teilweise zu","Teils, teils","Teils, teils","In der vorangegangenen Aufgabe musste ich einen Kommunikationsplan (für die kommende Wovche) erstellen, welcher eine von mir vorgeschlagene Strategie zur fördern von Nachhaltigkeit im Unternehmen und gegenüber der Unternehmensumwelt, namentlich durch geeignete Strategiemassnahmen, kommunizieren soll. Als Hilfsmittel stand mir die Chatfuntion von ChatGPT zur Verfügung, diese habe ich einmal zur ersten Ideenorientierung benutzt, und mich miti 3 Ideen auf sie berufen. ","","Teils, teils","Trifft eher nicht zu","Trifft teilweise zu","Trifft teilweise zu","Trifft voll zu","Trifft gar nicht zu","Trifft gar nicht zu","Trifft eher nicht zu","Trifft eher nicht zu","Trifft teilweise zu","100","Trifft teilweise zu","Trifft teilweise zu","Eher zufriedenstellend","Eher leicht","In der vorigen Aufgabe sollte ein Tagesprogramm für ein Workshop-ähnliches Format zur Weiterbildung von Führungskräften in Bezug auf digitale Transformation entwickelt werden. Bis auf die 3 beispielhaften Leitfragen in der Angabe standen keine Hilfsmittel zur Verfügung. ","2567.59","185.43","","","","","","","","","","71.91","","1189.71","","","","261.18","","","","","","","709.19","","150.17","","","","","",""
"23","2024-03-07 15:23:32","6","de","1614733985","2024-03-07 14:45:00","2024-03-07 15:23:32","RBO0106","Weiblich","18","Abitur oder Fachabitur","50","Trifft teilweise zu","Trifft teilweise zu","Trifft teilweise zu","Trifft teilweise zu","Teils, teils","Teils, teils","Teils, teils","Teils, teils","Teils, teils","Trifft voll zu","Trifft voll zu","Trifft teilweise zu","Trifft teilweise zu","Trifft teilweise zu","Trifft voll zu","Teils, teils","Trifft teilweise zu","Trifft eher nicht zu","Teils, teils","Teils, teils","Trifft teilweise zu","Teils, teils","Teils, teils","Trifft teilweise zu","Trifft voll zu","Teils, teils","Trifft gar nicht zu","Trifft teilweise zu","Trifft eher nicht zu","Trifft teilweise zu","Teils, teils","Trifft teilweise zu","Teils, teils","Trifft teilweise zu","Teils, teils","Teils, teils","Trifft teilweise zu","Trifft voll zu","Trifft eher nicht zu","Teils, teils","Teils, teils","Trifft eher nicht zu","Trifft teilweise zu","Trifft teilweise zu","Trifft voll zu","Teils, teils","Trifft teilweise zu","Ja","","Ja","Teils, teils","Teils, teils","Trifft eher nicht zu","Trifft eher nicht zu","Trifft eher nicht zu","Trifft voll zu","Trifft voll zu","Trifft voll zu","Trifft voll zu","5","Teils, teils","Trifft teilweise zu","Eher zufriedenstellend","Eher leicht","Ich musste fur meinen chef ein ein-woches lang kommunikationsplan machen. Chat Gpt hat mir geholfen um es zu machen. Es war schnell und ich musste nicht viel daruber denken. ","","Trifft teilweise zu","Trifft teilweise zu","Trifft teilweise zu","Trifft teilweise zu","Trifft voll zu","Trifft eher nicht zu","Teils, teils","Trifft eher nicht zu","Trifft eher nicht zu","Trifft teilweise zu","100","Teils, teils","Trifft teilweise zu","Teils, teils","Teils, teils","Ich hatte keine hilfsmittel. Ich mustte die aufgabe alleine lossen was langsamer war. Ohne hilfsmittel und nicht viele kentnisse uber das thema war es schwierig.","2313.88","357.81","","","","","","","","","","152.47","","624.02","","","","296.06","","","","","","","654.07","","229.45","","","","","",""
"24","2024-03-07 16:14:33","6","de","1818393684","2024-03-07 15:41:38","2024-03-07 16:14:33","DPR0408","Weiblich","33","Master","30","Teils, teils","Teils, teils","Teils, teils","Trifft eher nicht zu","Teils, teils","Trifft eher nicht zu","Teils, teils","Trifft teilweise zu","Teils, teils","Trifft teilweise zu","Teils, teils","Teils, teils","Teils, teils","Trifft teilweise zu","Trifft teilweise zu","Teils, teils","Trifft teilweise zu","Teils, teils","Teils, teils","Trifft teilweise zu","Teils, teils","Trifft eher nicht zu","Trifft eher nicht zu","Trifft teilweise zu","Trifft teilweise zu","Trifft eher nicht zu","Trifft teilweise zu","Trifft teilweise zu","Trifft teilweise zu","Trifft eher nicht zu","Trifft gar nicht zu","Trifft voll zu","Trifft teilweise zu","Trifft eher nicht zu","Trifft eher nicht zu","Teils, teils","Trifft teilweise zu","Trifft voll zu","Trifft eher nicht zu","Trifft teilweise zu","Trifft eher nicht zu","Trifft eher nicht zu","Trifft voll zu","Trifft voll zu","Teils, teils","Trifft eher nicht zu","Trifft teilweise zu","Ja","","Ja","Teils, teils","Trifft teilweise zu","Teils, teils","Trifft teilweise zu","Trifft voll zu","Trifft voll zu","Trifft voll zu","Trifft voll zu","Trifft voll zu","90","Trifft teilweise zu","Trifft teilweise zu","Teils, teils","Eher leicht","Ich musste in kurzer Zeit für eine vorgesetzte Person einen Veranstaltungsentwurf bereitstellen und hatte Chat GPT als Unterstützung. Die Veranstaltung sollte für Führungskräfte sein und das Thema der digitalen Transformation behandeln.","","Trifft eher nicht zu","Teils, teils","Trifft eher nicht zu","Teils, teils","Trifft voll zu","Trifft gar nicht zu","Trifft gar nicht zu","Trifft teilweise zu","Trifft gar nicht zu","Trifft teilweise zu","80","Trifft eher nicht zu","Teils, teils","Eher zufriedenstellend","Eher schwierig","Ich musste für ein Unternehmen eine Kommunikationsstrategie für die Nachhaltigkeit entwickeln. Es standen mir Leitfragen, aber keine weiteren Hilfsmittel zur Verfügung.","1978.75","133.19","","","","","","","","","","78.82","","661.85","","","","184.9","","","","","","","7.78","","912.21","","","","","",""
"25","2024-03-08 10:14:15","6","de","824416399","2024-03-08 09:25:48","2024-03-08 10:14:15","EDE0211","Männlich","47","Master","60","Trifft voll zu","Trifft voll zu","Trifft voll zu","Trifft voll zu","Trifft voll zu","Trifft voll zu","Trifft teilweise zu","Teils, teils","Teils, teils","Trifft teilweise zu","Trifft teilweise zu","Trifft teilweise zu","Trifft teilweise zu","Trifft teilweise zu","Trifft voll zu","Trifft voll zu","Teils, teils","Trifft voll zu","Trifft voll zu","Trifft voll zu","Trifft teilweise zu","Trifft eher nicht zu","Teils, teils","Trifft teilweise zu","Trifft teilweise zu","Teils, teils","Trifft gar nicht zu","Trifft voll zu","Teils, teils","Trifft teilweise zu","Trifft teilweise zu","Trifft voll zu","Trifft gar nicht zu","Trifft teilweise zu","Trifft teilweise zu","Trifft teilweise zu","Teils, teils","Trifft teilweise zu","Trifft teilweise zu","Trifft eher nicht zu","Trifft teilweise zu","Trifft teilweise zu","Trifft voll zu","Trifft voll zu","Trifft voll zu","Trifft voll zu","Trifft gar nicht zu","Ja","","Ja","Trifft voll zu","Trifft teilweise zu","Trifft voll zu","Trifft voll zu","Teils, teils","Trifft voll zu","Trifft voll zu","Trifft teilweise zu","Trifft teilweise zu","40","Trifft voll zu","Trifft teilweise zu","Eher zufriedenstellend","Teils, teils","Ich musste in einem One-Pager ein Nachhaltigkeitskonzept in wenigen Minuten erstellen. Dabei durfte ich die GPT als Unterstützung benutzen. ","","Teils, teils","Teils, teils","Trifft gar nicht zu","Teils, teils","Teils, teils","Teils, teils","Teils, teils","Trifft teilweise zu","Teils, teils","Trifft teilweise zu","100","Trifft voll zu","Trifft teilweise zu","Eher zufriedenstellend","Eher schwierig","Ich musste in einem One-Pager ein kleines Event-Konzept zur digitalen Transformation für Führungskräfte erstellen. Dabei durfte ich keine Hilfsmittel verwenden bzw. habe absolut keine benützt. Dies unter Zeitdruck. ","2909.39","212.19","","","","","","","","","","95.56","","2282.76","","","","153.02","","","","","","","2.96","","162.9","","","","","",""
"26","2024-03-08 10:59:48","6","de","510624817","2024-03-08 10:28:09","2024-03-08 10:59:48","OBA0612","Weiblich","28","Master","70","Trifft voll zu","Trifft voll zu","Trifft voll zu","Trifft voll zu","Trifft voll zu","Trifft voll zu","Trifft teilweise zu","Trifft voll zu","Trifft teilweise zu","Trifft voll zu","Trifft teilweise zu","Trifft voll zu","Teils, teils","Teils, teils","Trifft teilweise zu","Trifft teilweise zu","Trifft teilweise zu","Trifft teilweise zu","Trifft voll zu","Trifft voll zu","Trifft teilweise zu","Trifft eher nicht zu","Trifft teilweise zu","Trifft voll zu","Trifft voll zu","Teils, teils","Trifft voll zu","Trifft voll zu","Teils, teils","Teils, teils","Trifft eher nicht zu","Trifft voll zu","Trifft voll zu","Trifft teilweise zu","Trifft voll zu","Trifft eher nicht zu","Trifft voll zu","Trifft voll zu","Teils, teils","Teils, teils","Trifft voll zu","Trifft voll zu","Trifft voll zu","Trifft voll zu","Trifft voll zu","Trifft voll zu","Trifft eher nicht zu","Ja","","Ja","Trifft teilweise zu","","Trifft teilweise zu","Trifft teilweise zu","Trifft voll zu","","","","","100","Trifft voll zu","Teils, teils","Eher zufriedenstellend","Teils, teils","Ich sollte ein eintägige Veranstaltung für Vorstände planen die über Digitalisierung informiert werden sollten. Dabei hatte ich keine Hilfsmittel zur Verfügung","","Teils, teils","Teils, teils","Trifft eher nicht zu","Trifft voll zu","Trifft voll zu","Trifft teilweise zu","Trifft teilweise zu","Trifft teilweise zu","Trifft teilweise zu","Trifft teilweise zu","40","Trifft eher nicht zu","Trifft teilweise zu","Eher zufriedenstellend","Teils, teils","Ich musste ein einwöchiges Seminar für Vorstände entwickeln um das Thema Nachhaltigkeit zu erarbeiten und sie zu animieren es in ihren unternehmen mehr umzusetzen. Ich hatte Chat GPT als Hilfsmittel.","1902.46","121.36","","","","","","","","","","50.81","","742.79","","","","153.31","","","","","","","708.22","","125.97","","","","","",""
"27","2024-03-08 11:44:15","6","de","1296593591","2024-03-08 11:16:01","2024-03-08 11:44:15","LCH0603","Männlich","19","Abitur oder Fachabitur","10%","Trifft teilweise zu","Trifft teilweise zu","Teils, teils","Trifft teilweise zu","Trifft teilweise zu","Trifft teilweise zu","Teils, teils","Trifft teilweise zu","Teils, teils","Teils, teils","Trifft voll zu","Trifft voll zu","Trifft teilweise zu","Teils, teils","Teils, teils","Trifft eher nicht zu","Teils, teils","Teils, teils","Trifft teilweise zu","Trifft teilweise zu","Teils, teils","Teils, teils","Teils, teils","Trifft voll zu","Trifft voll zu","Trifft voll zu","Trifft teilweise zu","Teils, teils","Teils, teils","Trifft eher nicht zu","Teils, teils","Trifft teilweise zu","Trifft teilweise zu","Trifft teilweise zu","Teils, teils","Trifft voll zu","Teils, teils","Trifft teilweise zu","Trifft gar nicht zu","Trifft voll zu","Trifft gar nicht zu","Trifft eher nicht zu","Trifft teilweise zu","Trifft voll zu","Trifft eher nicht zu","Trifft voll zu","Trifft teilweise zu","Ja","","Ja","Trifft eher nicht zu","Trifft gar nicht zu","Trifft eher nicht zu","Trifft voll zu","Trifft voll zu","Trifft gar nicht zu","Trifft gar nicht zu","Trifft gar nicht zu","Trifft gar nicht zu","100","Trifft teilweise zu","Trifft voll zu","Voll zufriedenstellend","Eher leicht","Keine Hilfsmittel, ich musste einen Plan für eine eintägige Veranstaltung für Führungspositionen zum Thema digitale Transformation erstellen.","","Trifft gar nicht zu","Trifft gar nicht zu","Trifft eher nicht zu","Trifft gar nicht zu","Trifft voll zu","Trifft voll zu","Teils, teils","Trifft voll zu","Trifft voll zu","Trifft teilweise zu","10","Trifft eher nicht zu","Trifft voll zu","Gar nicht zufriedenstellend","Eher leicht","ChatGPT, ich musste eine einwöchige Kommunikationsstrategie für die Wichtigkeit des Themas 'Nachhaltigkeit' erstellen.","1698.77","206.29","","","","","","","","","","83.94","","798.45","","","","173.87","","","","","","","3.59","","432.63","","","","","",""
"28","2024-03-08 13:06:42","6","de","1689405706","2024-03-08 12:38:02","2024-03-08 13:06:42","IST0303","Männlich","23","Master","20","Trifft voll zu","Trifft voll zu","Trifft voll zu","Trifft voll zu","Trifft voll zu","Trifft voll zu","Trifft teilweise zu","Trifft teilweise zu","Trifft teilweise zu","Teils, teils","Trifft voll zu","Trifft voll zu","Trifft teilweise zu","Trifft teilweise zu","Trifft teilweise zu","Teils, teils","Trifft eher nicht zu","Trifft voll zu","Trifft voll zu","Trifft voll zu","Teils, teils","Teils, teils","Trifft teilweise zu","Trifft teilweise zu","Trifft teilweise zu","Trifft teilweise zu","Trifft eher nicht zu","Trifft teilweise zu","Trifft eher nicht zu","Trifft teilweise zu","Trifft teilweise zu","Teils, teils","Teils, teils","Trifft eher nicht zu","Trifft voll zu","Teils, teils","Trifft teilweise zu","Teils, teils","Teils, teils","Trifft teilweise zu","Teils, teils","Trifft eher nicht zu","Trifft voll zu","Trifft voll zu","Trifft voll zu","Trifft voll zu","Trifft eher nicht zu","Ja","","Ja","Trifft eher nicht zu","Teils, teils","Trifft eher nicht zu","Teils, teils","Trifft voll zu","Trifft eher nicht zu","Trifft voll zu","Trifft teilweise zu","Trifft voll zu","100","Teils, teils","Trifft voll zu","Teils, teils","Extrem leicht","Ich musste mir ein Event für Vorstandsmitglieder überlegen, damit diese mehr über das Thema KI lernen. Es standen mir keine Hilfsmittel zu verfügung","","Trifft eher nicht zu","Trifft eher nicht zu","Teils, teils","Trifft eher nicht zu","Trifft teilweise zu","Trifft voll zu","Trifft voll zu","Trifft teilweise zu","Trifft voll zu","Trifft teilweise zu","20","Trifft eher nicht zu","Trifft teilweise zu","Eher zufriedenstellend","Eher leicht","Ich musste eine Kommunikationswoche für ein Unternehmen überlegen um über das Thema Nachhaltigkeit in dem unternehmen zu sprechen und die UnternemensZiele darzustellen. Ich hatte ChatGPt als unterstützung.","1723.04","132.9","","","","","","","","","","63.65","","513.84","","","","139.41","","","","","","","5.1","","868.14","","","","","",""
"29","2024-03-08 14:05:22","6","de","545280091","2024-03-08 13:38:32","2024-03-08 14:05:22","EBO1608","Männlich","30","Bachelor","60","Trifft voll zu","Trifft teilweise zu","Trifft teilweise zu","Trifft teilweise zu","Trifft teilweise zu","Trifft voll zu","Teils, teils","Trifft teilweise zu","Trifft teilweise zu","Trifft teilweise zu","Trifft voll zu","Trifft voll zu","Teils, teils","Teils, teils","Teils, teils","Trifft teilweise zu","Teils, teils","Trifft eher nicht zu","Teils, teils","Trifft voll zu","Teils, teils","Teils, teils","Teils, teils","Trifft teilweise zu","Trifft teilweise zu","Teils, teils","Trifft teilweise zu","Trifft voll zu","Teils, teils","Trifft eher nicht zu","Teils, teils","Teils, teils","Trifft voll zu","Trifft teilweise zu","Teils, teils","Trifft teilweise zu","Trifft teilweise zu","Trifft teilweise zu","Teils, teils","Trifft teilweise zu","Trifft teilweise zu","Teils, teils","Trifft voll zu","Trifft voll zu","Trifft teilweise zu","Trifft teilweise zu","Teils, teils","Ja","","Ja","Trifft eher nicht zu","Trifft eher nicht zu","Teils, teils","Trifft eher nicht zu","Trifft teilweise zu","Trifft teilweise zu","Trifft voll zu","Trifft teilweise zu","Trifft teilweise zu","20","Teils, teils","Trifft teilweise zu","Eher zufriedenstellend","Eher leicht","Ich musste ein eintägiges Vorstandsmeeting zum Thema Digitale Transformation für meinen Vorgesetzten vorbereiten. Als Hilfsmittel stand mir ChatGPT zur Verfügung.","","Trifft teilweise zu","Trifft teilweise zu","Trifft teilweise zu","Trifft teilweise zu","Trifft voll zu","Trifft eher nicht zu","Trifft eher nicht zu","Trifft eher nicht zu","Trifft gar nicht zu","Teils, teils","100","Trifft teilweise zu","Trifft teilweise zu","Voll zufriedenstellend","Teils, teils","Ich musste eine einwöchige Kommunikationsstrategie für mein Unternehmen entwickeln um Nachhaltigkeit als Kernwert zu etablieren. Mir standen keine Hilfsmittel zur Verfügung.","1611.76","143.05","","","","","","","","","","81.33","","463.77","","","","168.01","","","","","","","5.46","","750.14","","","","","",""
"30","2024-03-12 09:17:24","6","de","947892338","2024-03-12 08:43:53","2024-03-12 09:17:24","EUN2402","Männlich","26","Bachelor","25%","Trifft teilweise zu","Trifft teilweise zu","Trifft voll zu","Trifft voll zu","Trifft teilweise zu","Trifft voll zu","Trifft teilweise zu","Trifft teilweise zu","Teils, teils","Trifft teilweise zu","Trifft teilweise zu","Trifft voll zu","Trifft teilweise zu","Trifft teilweise zu","Trifft teilweise zu","Teils, teils","Trifft eher nicht zu","Teils, teils","Trifft voll zu","Trifft voll zu","Teils, teils","Trifft gar nicht zu","Teils, teils","Trifft eher nicht zu","Trifft teilweise zu","Teils, teils","Trifft teilweise zu","Teils, teils","Teils, teils","Trifft teilweise zu","Trifft teilweise zu","Trifft gar nicht zu","Trifft teilweise zu","Trifft teilweise zu","Trifft teilweise zu","Teils, teils","Trifft teilweise zu","Teils, teils","Trifft teilweise zu","Trifft teilweise zu","Trifft voll zu","Teils, teils","Trifft teilweise zu","Teils, teils","Trifft eher nicht zu","Trifft gar nicht zu","Trifft teilweise zu","Ja","","Ja","Teils, teils","Trifft eher nicht zu","Trifft voll zu","Trifft teilweise zu","Trifft voll zu","Trifft teilweise zu","Trifft voll zu","Trifft voll zu","Trifft voll zu","70","Trifft teilweise zu","Trifft teilweise zu","Voll zufriedenstellend","Eher leicht","Ich musste einen One Pager erstellen. Dieser sollte das Konzept aufzeigen für einen eintägigen Workshop mit Führungskräften um dabei digitale Transformation mit generative KI kennenzulernen. Zur Erfüllung der Aufgabe stand mir eine generative KI zur Seite plus eine Beschreibung wie man generative KI am besten nutzen kann","","Teils, teils","Trifft eher nicht zu","Trifft eher nicht zu","Trifft voll zu","Trifft teilweise zu","Trifft teilweise zu","Trifft voll zu","Trifft voll zu","Trifft voll zu","Trifft teilweise zu","70","Teils, teils","Trifft teilweise zu","Eher zufriedenstellend","Eher leicht","Es sollte erneut ein One-Pager für den Vorstand erstellt werden. Diesmal sollte eine einwöchige Kommunikationsstrategie vorgestellt werden welche Nachhaltigkeit als Kernwert vom Unternehmen vorstellt. Hierfür stand mir eine generative KI zur Verfügung","2014.04","146.61","","","","","","","","","","51.45","","873.22","","","","166.91","","","","","","","641.39","","134.46","","","","","",""
"31","2024-03-12 10:13:17","6","de","1681112845","2024-03-12 09:36:13","2024-03-12 10:13:17","ABE0509","Männlich","24","Master","70","Trifft voll zu","Trifft voll zu","Trifft teilweise zu","Trifft voll zu","Trifft voll zu","Trifft voll zu","Teils, teils","Teils, teils","Trifft teilweise zu","Trifft teilweise zu","Trifft voll zu","Trifft voll zu","Trifft teilweise zu","Trifft teilweise zu","Trifft teilweise zu","Teils, teils","Trifft teilweise zu","Trifft voll zu","Trifft voll zu","Trifft voll zu","Teils, teils","Trifft eher nicht zu","Trifft eher nicht zu","Trifft teilweise zu","Trifft teilweise zu","Trifft teilweise zu","Trifft teilweise zu","Teils, teils","Trifft teilweise zu","Trifft eher nicht zu","Teils, teils","Trifft eher nicht zu","Trifft teilweise zu","Teils, teils","Trifft voll zu","Trifft eher nicht zu","Trifft teilweise zu","Trifft voll zu","Trifft eher nicht zu","Trifft voll zu","Trifft gar nicht zu","Trifft gar nicht zu","Trifft teilweise zu","Trifft teilweise zu","Trifft eher nicht zu","Trifft teilweise zu","Trifft teilweise zu","Ja","","Ja","Teils, teils","Teils, teils","Trifft teilweise zu","Trifft teilweise zu","Trifft voll zu","Trifft voll zu","Trifft teilweise zu","Trifft voll zu","Trifft voll zu","5","Teils, teils","Teils, teils","Eher zufriedenstellend","Eher leicht","Die Aufgabe war es einen One Pager für ein eintägiges Event für Vorstandsmitglieder zu entwerfen. Das Thema des Events sollte die digitale Transformation sein. Hierfür gab es noch weitere Einschränkungen, e.g., das Event sollte informativ und unterhaltsam sein. Hierfür durfte mal ChatGPT verwenden.   ","","Teils, teils","Teils, teils","Trifft teilweise zu","Teils, teils","Trifft voll zu","Trifft eher nicht zu","Trifft eher nicht zu","Trifft eher nicht zu","Trifft eher nicht zu","Trifft teilweise zu","95","Teils, teils","Trifft teilweise zu","Eher zufriedenstellend","Eher leicht","Die Aufgabe war es ohne Hilfsmittel eine einwöchige Kommunikationsstrategie zu entwerfen, die Nachhaltigkeit als Kernwert der Unternehmensstrategie vorstellt. ","2227.56","193.34","","","","","","","","","","95.24","","1040.44","","","","192.75","","","","","","","549.95","","155.84","","","","","",""
"32","2024-03-12 12:30:30","6","de","600971884","2024-03-12 11:50:02","2024-03-12 12:30:30","SME3112","Weiblich","22","Abitur oder Fachabitur","80%","Teils, teils","Trifft teilweise zu","Trifft teilweise zu","Trifft eher nicht zu","Trifft teilweise zu","Trifft eher nicht zu","Teils, teils","Trifft gar nicht zu","Trifft teilweise zu","Teils, teils","Teils, teils","Trifft teilweise zu","Trifft voll zu","Trifft teilweise zu","Trifft teilweise zu","Teils, teils","Trifft teilweise zu","Trifft gar nicht zu","Trifft gar nicht zu","Teils, teils","Teils, teils","Teils, teils","Teils, teils","Trifft voll zu","Trifft voll zu","Trifft voll zu","Trifft voll zu","Teils, teils","Trifft eher nicht zu","Teils, teils","Trifft eher nicht zu","Teils, teils","Trifft teilweise zu","Teils, teils","Trifft eher nicht zu","Trifft teilweise zu","Trifft voll zu","Trifft teilweise zu","Trifft gar nicht zu","Trifft eher nicht zu","Teils, teils","Trifft eher nicht zu","Trifft teilweise zu","Trifft teilweise zu","Teils, teils","Teils, teils","Teils, teils","Ja","","Ja","Teils, teils","Teils, teils","Teils, teils","Teils, teils","Teils, teils","Teils, teils","Trifft eher nicht zu","Trifft eher nicht zu","Teils, teils","50","Trifft eher nicht zu","Trifft eher nicht zu","Eher nicht zufriedenstellend","Eher schwierig","in der Aufgbe, musste wir ein Kommuniktionstrategie von nachhaltigkeit als Kertwert. Fur diese Aufgabe zu machen ich habe zum 4 fragen antworten, zum beispiel welche ist das Publikum und welche ist die beste Strtegie. ","","Trifft voll zu","Trifft voll zu","Trifft voll zu","Trifft voll zu","Teils, teils","Trifft voll zu","Trifft gar nicht zu","Trifft voll zu","Trifft voll zu","Trifft voll zu","90","Teils, teils","Trifft teilweise zu","Eher zufriedenstellend","Eher schwierig","in diese Aufgabe ich habe mit der Hilfe von Chatgpt eine Plan gemacht  für neue Technologie zu verstehen und wie knn wir eine Akton Plan machen","2430.05","362.25","","","","","","","","","","166.44","","588.26","","","","332.25","","","","","","","692.32","","288.53","","","","","",""
"35","2024-03-20 11:26:04","6","de","1788891166","2024-03-20 10:42:38","2024-03-20 11:26:04","OLI1612","Männlich","24","Bachelor","40","Trifft teilweise zu","Trifft voll zu","Teils, teils","Trifft voll zu","Trifft teilweise zu","Teils, teils","Trifft teilweise zu","Trifft teilweise zu","Trifft voll zu","Trifft voll zu","Trifft voll zu","Trifft voll zu","Teils, teils","Trifft teilweise zu","Trifft teilweise zu","Trifft eher nicht zu","Trifft teilweise zu","Trifft teilweise zu","Teils, teils","Trifft teilweise zu","Teils, teils","Trifft teilweise zu","Teils, teils","Trifft voll zu","Trifft voll zu","Trifft voll zu","Trifft gar nicht zu","Trifft voll zu","Trifft gar nicht zu","Trifft voll zu","Teils, teils","Trifft teilweise zu","Trifft eher nicht zu","Trifft eher nicht zu","Trifft teilweise zu","Trifft eher nicht zu","Trifft teilweise zu","Trifft teilweise zu","Trifft eher nicht zu","Teils, teils","Trifft eher nicht zu","Trifft eher nicht zu","Trifft voll zu","Teils, teils","Trifft voll zu","Trifft voll zu","Trifft eher nicht zu","Ja","","Ja","Trifft teilweise zu","Trifft teilweise zu","Trifft teilweise zu","Trifft teilweise zu","Trifft voll zu","Teils, teils","Teils, teils","Teils, teils","Trifft teilweise zu","90","Trifft teilweise zu","Trifft teilweise zu","Eher zufriedenstellend","Eher schwierig","Ich habe in der vorherigen Aufgabe eine Kommunikationsstrategie erstellt zum Thema Nachhaltigkeit. Ich habe dafür keine Hilfsmittel benutzt. ","","Teils, teils","Teils, teils","Trifft teilweise zu","Teils, teils","Trifft teilweise zu","Trifft voll zu","Teils, teils","Trifft teilweise zu","Trifft teilweise zu","Trifft teilweise zu","40","Teils, teils","Trifft teilweise zu","Teils, teils","Teils, teils","Ziel der Aufgabe war das Organisieren einer Veranstaltung, in der Führungskräfte über das Thema ""Einfluss der KI auf Geschäftsmodelle"" informiert werden sollten und ihnen die Möglichkeit gegegeben werden sollte, darüber zu diskutieren. Ich habe als Hilfsmittel ChatGPT genutzt. ","2609.7","207.55","","","","","","","","","","102.45","","1037.48","","","","189.87","","","","","","","41.76","","1030.59","","","","","",""
"36","2024-03-20 12:36:25","6","de","2064245150","2024-03-20 11:39:14","2024-03-20 12:36:25","NBA1601","Männlich","23","Bachelor","60%","Trifft voll zu","Trifft voll zu","Trifft teilweise zu","Trifft teilweise zu","Trifft voll zu","Teils, teils","Teils, teils","Teils, teils","Teils, teils","Trifft teilweise zu","Trifft teilweise zu","Teils, teils","Teils, teils","Trifft eher nicht zu","Trifft voll zu","Trifft teilweise zu","Teils, teils","Trifft teilweise zu","Trifft teilweise zu","Trifft teilweise zu","Teils, teils","Teils, teils","Teils, teils","Trifft voll zu","Trifft voll zu","Trifft teilweise zu","Trifft gar nicht zu","Trifft teilweise zu","Teils, teils","Trifft teilweise zu","Trifft teilweise zu","Trifft teilweise zu","Teils, teils","Teils, teils","Trifft teilweise zu","Trifft eher nicht zu","Trifft voll zu","Trifft voll zu","Trifft gar nicht zu","Trifft teilweise zu","Trifft eher nicht zu","Trifft eher nicht zu","Trifft teilweise zu","Trifft teilweise zu","Teils, teils","Trifft eher nicht zu","Trifft teilweise zu","Ja","","Ja","Trifft teilweise zu","Teils, teils","Trifft eher nicht zu","Trifft voll zu","Trifft voll zu","Trifft eher nicht zu","Trifft eher nicht zu","Trifft teilweise zu","Trifft eher nicht zu","90","Trifft teilweise zu","Teils, teils","Eher zufriedenstellend","Eher schwierig","Ich musste eine Kommunikationsstrategie entwickeln für eine Woche. Wichtig war, die Adressaten (Mitarbeiter, Stakeholder etc.) gut einzuholen in dieser Mail, die ich geschrieben habe.","","Teils, teils","Trifft eher nicht zu","Teils, teils","Trifft eher nicht zu","Teils, teils","Trifft teilweise zu","Trifft teilweise zu","Trifft eher nicht zu","Trifft voll zu","Trifft teilweise zu","10","Teils, teils","Teils, teils","Eher nicht zufriedenstellend","Eher schwierig","Ich musste für ein Unternehmen eine Art Workshop vorbereiten. Das Thema um was es ging war digitale Transformation im Unternehmen","3432.97","578.07","","","","","","","","","","120.2","","1424.68","","","","223.81","","","","","","","920.08","","166.13","","","","","",""

