VPNCode,AGE,WORK,Gender_Männlich,Gender_Weiblich,Edu_Abitur_oder_Fachabitur,Edu_Bachelor,Edu_Master,AILiteracy[Use],AILiteracy[Kno],AILiteracy[Det],AILiteracy[Eth],PGAT,NGAT,CMV,NEO[E],NEO[A],NEO[C],NEO[N],NEO[O],JC1[IStR],JC1[HRJD],SE1,SDT1[AUT],SDT1[COM],PROD1[SQ001],TASKDIF1[SQ001],MANI1,JC2[IStR],JC2[HRJD],JC2[AC],SE2,SDT2[AUT],SDT2[COM],PROD2[SQ001],TASKDIF2[SQ001],MANI2,total_time,syst_total_time,time_demogr,time_pers,time_task1,time_survey1,time_task2,time_survey1.1,group_nr,All_Prompts,Prompt_Count,Average_Word_Count,First_Prompt_Word_Count,Total_Word_Count
AHO1006,26,40,1,0,0,1,0,4.666666667,4.666666667,4.0,3.5,4.333333333,2.0,4.666666667,3.0,4.0,3.75,1.75,3.4,2.4,2.25,100,2,2,2,2,Ich musste eine Kommunikationsstrategie erstellen um Nachhaltigkeit im Unternehmen einzuführen. Hierzu hatte ich wenige Informationen und keine Hilfsmittel.,2.8,5.0,4,20,3,5,5,5,Ich musste ein Konzept zum Thema digitale Transformation entwickeln und konnte dabei auch chatgpt als Hilfsmittel zugreifen.,18.9,8.209333333,2.806333333,0.800666667,0.156833333,2.161666667,0.0625,2.221333333,2,"Lösen Sie die Aufgabe aus einer Ich Perspektive, achten sie dabei auf eine strukturierte und professionelle Ansprache.\nEs ist Freitagnachmittag, die Vorgesetzte Ihres Chefs kommt auf Sie zu und fragt Sie, ob sie spontan für ein Vorstandsmeeting aushelfen können.\nEntwickeln Sie ein Konzept für eine denkwürdige eintägige Veranstaltung für Führungskräfte, um die digitale Transformation zu diskutieren.\n\nDie Aufgabe soll in Form eines schriftlichen One-Pagers gelöst werden.                                                                                                                                                                                                                                                   \nErstellen Sie eine Veranstaltung, die sowohl informativ als auch unterhaltsam ist, bei der Führungskräfte etwas über die digitale Transformation erfahren und sich miteinander austauschen können.\nDie Teilnehmenden sollen inspiriert und darüber informiert werden, wie die neue Technologie der generativen KI ihr Geschäftsmodell beeinflusst.",1,105.0,105,105
AWA2505,21,20,0,1,1,0,0,3.833333333,3.5,3.0,2.5,4.0,3.0,4.0,2.5,2.5,3.5,2.75,4.0,3.4,2.0,100,3,3,2,2,Ich musste einen einwöchige Kommunikationsstrategie für ein Vorstandstreffen eines Unternehmens erstellen um Nachhaligkeit als neuen Kernwert einzuführen. Mir standen keine Hilfsmittel zur Verfügung.,3.2,4.5,4,10,4,5,3,2,Ich musste einen eintägigen Veranstaltungsplan erstellen für Führungskräfte zum über die digitale Transformation zu diskutieren. Mir stand ChatGPT zur Verfügung.,40.63333333,40.6715,3.224333333,1.34,15.11283333,3.292,15.217,2.485333333,2,Ich muss ein Konzept für eine eintägige Veranstaltung für Führungskrafte zur Diskussion von digitaler Transformation erstellen. Du sollst mir hierbei helfen das Konzept zu erstellen. || versuche beim konzept auch auf das thema wie ki geschäftsmodelle beeinflusst einzugehen.,2,18.5,25,37
EZA0703,22,10,1,0,1,0,0,4.166666667,4.166666667,3.333333333,3.0,4.333333333,3.0,4.333333333,3.25,3.0,3.5,3.0,3.8,4.2,4.5,35,3,4,4,4,"Ziel war es einen One-Pager für eine Veranstaltung zu erstellen. Es war wichtig, dass die Veranstaltung informativ, aber auch gesellig ist. Zielgruppe waren Führungskräfte. Hilfsmittel - AI-Chatbot",3.8,2.0,4,100,3,4,3,2,"Ziel war es einen einwöchigen Workshop zum Thema Nachhaltigkeit als Kernwert zu erstellen. Dabei war es wichtig, die Veranstaltung informativ und interessant zu gestalten. Es standen keine Hilfsmittel zur Verfügung.",32.33333333,32.383,3.060333333,1.3105,11.24,3.083,11.16233333,2.526833333,5,"Du arbeitest in einem Büro. Weisst wie man gute Meetings plant und bis ein ausgezeichneter organisieren. Ausserdem bist du technologisch auf dem neusten Stand. \nHilf mir dabei ein Konzept für eine denkwürdige eintägige Veranstaltung für Führungskräfte, um die digitale Transformation zu diskutieren.\n\nErstelle dazu ein One-Pager über die informative und unterhaltsame Veranstaltung für die Führungskräfte. Sie sollen über digitale Transformationen erfahren und sich miteinander austauschen können. || Bitte schmück es noch ein wenig aus. Mach es spannender und interessanter. Die Leute sollen meinen, sie verpassen etwas, falls sie nicht kommen.",2,44.0,65,88
AGU2207,23,0,1,0,0,1,0,4.166666667,3.5,3.0,2.5,5.0,3.333333333,4.666666667,3.0,2.75,3.25,3.75,4.0,3.6,3.0,50,2,5,3,3,"Ich sollte in der Aufgabe eine Strategie ausarbeiten durch die Nachhaltigkeit als neuer Kernwert in das Unternehmen aufgenommen werden soll. Dafür sollte ich eine Woche mit Aufgaben und Impulsen gestallten die sicherstellt, dass alle relevanten Stakeholder eingeschlossen werden. Ich konnte zur Bearbeitung ChatGPT als KI nutzen, die mir eine erste Vorlage für die Woche gegeben hat in die ich reinarbeiten konnte.",3.0,2.25,4,100,2,2,3,3,Ich sollte einen Tag konzipieren bei dem Führungskräfte unserer Firma Impulse zur digitalen Transformation kriegen. Dafür habe ich den Ablauf des Tages konzipiert in dem durch verschiedene Workshops die Potenziale aufgezeigt werden sollte. KI hatte ich in dieser Aufgabe nicht als Unterstützung.,43.85,43.90966667,2.6275,1.146833333,22.23016667,3.959666667,0.0835,13.862,7,Bitte hilf mir bei der Erstellung einer Kommunikationsstrategie um Nachhaltigkeit als Kernwert im Unternehmen zu verankern. Gebe mir die relevanten strategischen Schritte sowie den Wortlaut mit dem Nachhaltigkeit an Mitarbeiter aber auch an die öffentlich kommuniziert werden kann. || bitte erweitere die interne Kommunikation mit dem Appell an konkrete Massnahmen in den Abteilungen. ,2,26.0,38,52
NPR1810,22,10,0,1,0,1,0,3.5,3.833333333,3.333333333,2.0,3.0,3.333333333,1.666666667,3.25,3.75,4.0,2.75,4.0,2.8,3.0,75,4,4,3,3,"In der vorangegangenen Aufgabe musste ich einen Kommunikationsplan (für die kommende Wovche) erstellen, welcher eine von mir vorgeschlagene Strategie zur fördern von Nachhaltigkeit im Unternehmen und gegenüber der Unternehmensumwelt, namentlich durch geeignete Strategiemassnahmen, kommunizieren soll. Als Hilfsmittel stand mir die Chatfuntion von ChatGPT zur Verfügung, diese habe ich einmal zur ersten Ideenorientierung benutzt, und mich miti 3 Ideen auf sie berufen.",3.6,1.5,4,100,4,4,4,4,In der vorigen Aufgabe sollte ein Tagesprogramm für ein Workshop-ähnliches Format zur Weiterbildung von Führungskräften in Bezug auf digitale Transformation entwickelt werden. Bis auf die 3 beispielhaften Leitfragen in der Angabe standen keine Hilfsmittel zur Verfügung.,42.75,42.79316667,3.0905,1.1985,19.8285,4.353,11.81983333,2.502833333,7,Bitte nenne Ideen für mehr Nachhaltigkeit in Unternehmen,1,8.0,8,8
RBO0106,18,50,0,1,1,0,0,3.666666667,3.833333333,4.333333333,3.5,2.666666667,3.333333333,4.0,2.75,3.5,3.75,2.5,4.0,2.4,5.0,5,3,4,4,4,Ich musste fur meinen chef ein ein-woches lang kommunikationsplan machen. Chat Gpt hat mir geholfen um es zu machen. Es war schnell und ich musste nicht viel daruber denken.,4.2,2.25,4,100,3,4,3,3,Ich hatte keine hilfsmittel. Ich mustte die aufgabe alleine lossen was langsamer war. Ohne hilfsmittel und nicht viele kentnisse uber das thema war es schwierig.,38.53333333,38.56466667,5.9635,2.541166667,10.40033333,4.934333333,10.90116667,3.824166667,8,"Entwickeln Sie eine umfassende, einwöchige Kommunikationsstrategie zur Einführung von Nachhaltigkeit als Kernwert im gesamten Unternehmen.\n\nDie Aufgabe soll in Form eines schriftlichen One-Pagers gelöst werden.",1,24.0,24,24
DPR0408,33,30,0,1,0,0,1,2.666666667,3.333333333,3.666666667,3.5,3.333333333,2.333333333,3.333333333,3.5,3.0,3.5,2.5,3.8,3.8,5.0,90,4,4,3,4,Ich musste in kurzer Zeit für eine vorgesetzte Person einen Veranstaltungsentwurf bereitstellen und hatte Chat GPT als Unterstützung. Die Veranstaltung sollte für Führungskräfte sein und das Thema der digitalen Transformation behandeln.,3.0,1.75,4,80,2,3,4,2,"Ich musste für ein Unternehmen eine Kommunikationsstrategie für die Nachhaltigkeit entwickeln. Es standen mir Leitfragen, aber keine weiteren Hilfsmittel zur Verfügung.",32.91666667,32.97916667,2.219833333,1.313666667,11.03083333,3.081666667,0.129666667,15.2035,5," Kannst du mir den Ablauf für eine eintägige Veranstaltung für Führungskräfte geben? Die Veranstaltung sollte interaktiv und informativ sein und das Thema ist ""digitale Transformation"". || Kannst du die Keynote-Präsentation kürzer machen und den Anfang auf 8:30 nehmen? || Kannst du das Ende der Veranstaltung auf 17:30 nehmen? || Kannst du den Anfang der Veranstaltung auf 8:30 und das Ende auf 17:30 nehmen?",4,15.0,25,60
EDE0211,47,60,1,0,0,0,1,5.0,3.666666667,4.333333333,4.0,5.0,3.0,3.666666667,3.25,3.5,3.75,3.5,4.2,4.4,4.5,40,5,4,4,3,Ich musste in einem One-Pager ein Nachhaltigkeitskonzept in wenigen Minuten erstellen. Dabei durfte ich die GPT als Unterstützung benutzen.,2.6,3.25,4,100,5,4,4,2,Ich musste in einem One-Pager ein kleines Event-Konzept zur digitalen Transformation für Führungskräfte erstellen. Dabei durfte ich keine Hilfsmittel verwenden bzw. habe absolut keine benützt. Dies unter Zeitdruck.,48.45,48.48983333,3.5365,1.592666667,38.046,2.550333333,0.049333333,2.715,7,"GPT, ich stehe vor dieser Arbeit und lass uns Schritt für Schritt rasch durchgehen: Es ist Freitagnachmittag, die Vorgesetzte Ihres Chefs kommt auf Sie zu und fragt Sie, ob sie spontan für ein Vorstandsmeeting aushelfen können.\n\nEntwickeln Sie eine umfassende, einwöchige Kommunikationsstrategie zur Einführung von Nachhaltigkeit als Kernwert im gesamten Unternehmen.\n\nDie Aufgabe soll in Form eines schriftlichen One-Pagers gelöst werden.\n\nSie haben 12 Minuten Zeit.\n\nZielsetzung\nDas Engagement des Unternehmens für Nachhaltigkeit gegenüber allen Mitarbeitenden, Stakeholdern und der Öffentlichkeit soll klar zum Ausdruck bringen.\nDie Strategie soll zu einem tieferen Verständnisses von Nachhaltigkeit und ihrer Bedeutung bei den Mitarbeitern beitragen.\nDie Umsetzung der Nachhaltigkeitsprinzipien soll in konkrete Maßnahmen und Initiativen in allen Abteilungen und Betrieben umgesetzt werden können.\nDie folgenden Fragen können helfen:\nWelche Ziele werden mit der Strategie verfolgt?\nWer ist das Zielpublikum?\nWelche Themen wären für die Mitarbeitenden am relevantesten und interessantesten?\nWelche Art von Erfahrung sollen die Mitarbeitenden machen? || Lass uns den ersten 1. Punkt nchmals anschauen und zwar, 1.  möchte ich dazu, wieso wir dies machen, so dass der leser überzeugt ist und versteht, was die hintergründe sind. Bitte mache die Sätze kürzer, prägnant, willkommend zu lesen und behalte eine professionelle und posiviter Streibstil.  || ich finde, bei 2. kannst du bitte die fertigungsstrecke auslassen, denn du weisst ja nicht, ob es industrie oder eine servcie unternehmen ist. bitte hier einfach abstrakter sein. bei 3. möchte ich dass es nicht so exemplarisch ist, denn der vorstand wird es vorallem zuerst lesen. 4. learning bei doing, doch im sinne von kanban, konstant improvmenet. trainigs müssen rein, feedbackkultur, so dass wir uns auch stets anpassen und die inputs aller stakeholders miteinbezihen. dazu müssen wir stets immer reveiws haben, welcher dann in punkt fünf sein darf. dies könnte ja mit einem externen partner ein auditing sein. || bei 1. bitte noch ergänzen, nicht nur wettbewerbsvorteile, sondenr auch ein tiefgründiges eigen interesse and die umwelt und nachhaltigkeit.  || gib mir noch in einem satz, worum überhaupt diese paper geht zuerst || punkt eins habe ich übernommen von vorhin, in 2. möchte ich noch eine granularere stakeholdership.  || 5. soll bitte professioneler gewschrieben werden. dazu., öchte ich, dass die kommunikation der bewertung transaprent und mit technologischen mitteln visuell an alle kommuniziert wird || bei den themen, kannst du noch kreativer sein, und mehr beispiele geben? bitte nur auf 3. fokussieren || können wir noch einen punkt 6. machen, wo wir rewards, und auch incentives integrieren und idese in form von bonus für alle sind. d.h. bei lieferanten, reduktion von preisen?  || kürzer, es muss im still von vorhin pssen. ",10,40.9,141,409
OBA0612,28,70,0,1,0,0,1,5.0,4.5,3.333333333,4.0,4.666666667,3.333333333,4.333333333,4.0,4.0,4.25,4.0,4.4,4.25,,100,5,3,4,3,Ich sollte ein eintägige Veranstaltung für Vorstände planen die über Digitalisierung informiert werden sollten. Dabei hatte ich keine Hilfsmittel zur Verfügung,3.6,4.0,4,40,2,4,4,3,Ich musste ein einwöchiges Seminar für Vorstände entwickeln um das Thema Nachhaltigkeit zu erarbeiten und sie zu animieren es in ihren unternehmen mehr umzusetzen. Ich hatte Chat GPT als Hilfsmittel.,31.65,31.70766667,2.022666667,0.846833333,12.37983333,2.555166667,11.80366667,2.0995,4,"Ich soll eine einwöchige Kommunikationsstrategie zur Einführung von Nachhaltigkeit als Kernwert im gesamten Unternehmen entwickeln. Zielgruppe sind Vorstände.\n\nDie Aufgabe soll in Form eines schriftlichen One-Pagers gelöst werden und darf kreativ beantwortet werden. Die Zielsetzung ist: Das Engagement des Unternehmens für Nachhaltigkeit gegenüber allen Mitarbeitenden, Stakeholdern und der Öffentlichkeit soll klar zum Ausdruck bringen. Die Strategie soll zu einem tieferen Verständnisses von Nachhaltigkeit und ihrer Bedeutung bei den Mitarbeitern beitragen.\nDie Umsetzung der Nachhaltigkeitsprinzipien soll in konkrete Maßnahmen und Initiativen in allen Abteilungen und Betrieben umgesetzt werden können.\nDie folgenden Fragen sollen beantwortet werden:\nWelche Ziele werden mit der Strategie verfolgt?\nWer ist das Zielpublikum?\nWelche Themen wären für die Mitarbeitenden am relevantesten und interessantesten?\nWelche Art von Erfahrung sollen die Mitarbeitenden machen?",1,116.0,116,116
LCH0603,19,10,1,0,1,0,0,3.833333333,3.833333333,3.333333333,2.5,3.666666667,3.0,5.0,3.0,3.75,3.75,2.25,4.0,3.0,1.0,100,4,5,5,4,"Keine Hilfsmittel, ich musste einen Plan für eine eintägige Veranstaltung für Führungspositionen zum Thema digitale Transformation erstellen.",2.0,4.5,4,10,2,5,1,4,"ChatGPT, ich musste eine einwöchige Kommunikationsstrategie für die Wichtigkeit des Themas 'Nachhaltigkeit' erstellen.",28.23333333,28.31283333,3.438166667,1.399,13.3075,2.897833333,0.059833333,7.2105,3,"kreiere eine  einwöchige Kommunikationsstrategie zur Einführung von Nachhaltigkeit als Kernwert im gesamten Unternehmen || nochmals, aber hier ist die Zielsetzung der Strategie: Das Engagement des Unternehmens für Nachhaltigkeit gegenüber allen Mitarbeitenden, Stakeholdern und der Öffentlichkeit soll klar zum Ausdruck bringen.\nDie Strategie soll zu einem tieferen Verständnisses von Nachhaltigkeit und ihrer Bedeutung bei den Mitarbeitern beitragen.\nDie Umsetzung der Nachhaltigkeitsprinzipien soll in konkrete Maßnahmen und Initiativen in allen Abteilungen und Betrieben umgesetzt werden können.",2,35.5,13,71
IST0303,23,20,1,0,0,0,1,5.0,4.166666667,4.0,2.5,5.0,3.333333333,4.0,3.0,3.0,3.75,3.0,4.4,3.0,4.0,100,3,5,3,5,"Ich musste mir ein Event für Vorstandsmitglieder überlegen, damit diese mehr über das Thema KI lernen. Es standen mir keine Hilfsmittel zu verfügung",2.6,4.75,4,20,2,4,4,4,Ich musste eine Kommunikationswoche für ein Unternehmen überlegen um über das Thema Nachhaltigkeit in dem unternehmen zu sprechen und die UnternemensZiele darzustellen. Ich hatte ChatGPt als unterstützung.,28.66666667,28.71733333,2.215,1.060833333,8.564,2.3235,0.085,14.469,4,"Guten Tag, du bist für die folgenden Fragen mein Innovations Assistent und unterstützt mich bei folgender Aufgabe: Entwickeln Sie eine umfassende, einwöchige Kommunikationsstrategie zur Einführung von Nachhaltigkeit als Kernwert im gesamten Unternehmen.\n\nDabei wurde mir noch folgende drei Zielsetzungen gegeben:\n1.Das Engagement des Unternehmens für Nachhaltigkeit gegenüber allen Mitarbeitenden, Stakeholdern und der Öffentlichkeit soll klar zum Ausdruck bringen.\n2.Die Strategie soll zu einem tieferen Verständnisses von Nachhaltigkeit und ihrer Bedeutung bei den Mitarbeitern beitragen.\n3.Die Umsetzung der Nachhaltigkeitsprinzipien soll in konkrete Maßnahmen und Initiativen in allen Abteilungen und Betrieben umgesetzt werden können.\n\nUnd folgende Fragen wurden mir als Unterstützung noch an die Hand gegeben:\nWelche Ziele werden mit der Strategie verfolgt?\nWer ist das Zielpublikum?\nWelche Themen wären für die Mitarbeitenden am relevantesten und interessantesten?\nWelche Art von Erfahrung sollen die Mitarbeitenden machen?\n\n || Kürze die Unternehmung bitte auf 5 Arbeitstage. Führe auch spezfische Events für die jeweiligen Abteilungen ein, die Sich auch^^f Ihr sachgebiet spezifizieren  || Das ist schon sehr gut, bitte schreibe zu den jeweiligen Aktivitäten noch Beispiele zum besseren verstämndis, was dann unternommen werden kann. Geb für die Verschiedenen Abteilungen villeicht eine Tabelle an mit möglichen Expertengesprächen ",3,59.66666667,124,179
EBO1608,30,60,1,0,0,1,0,4.333333333,4.166666667,3.0,3.5,3.333333333,3.0,3.666666667,3.5,3.75,3.75,3.5,4.2,2.6,4.25,20,3,4,4,4,Ich musste ein eintägiges Vorstandsmeeting zum Thema Digitale Transformation für meinen Vorgesetzten vorbereiten. Als Hilfsmittel stand mir ChatGPT zur Verfügung.,4.2,1.75,3,100,4,4,5,3,Ich musste eine einwöchige Kommunikationsstrategie für mein Unternehmen entwickeln um Nachhaltigkeit als Kernwert zu etablieren. Mir standen keine Hilfsmittel zur Verfügung.,26.83333333,26.86266667,2.384166667,1.3555,7.7295,2.800166667,0.091,12.50233333,5,"Hilf mir ein Vorstandsmeeting zu organisieren. Ich werde dir folgende Inputs geben:\n- Erstellen Sie eine Veranstaltung, die sowohl informativ als auch unterhaltsam ist, bei der Führungskräfte etwas über die digitale Transformation erfahren und sich miteinander austauschen können.\n- Die Teilnehmenden sollen inspiriert und darüber informiert werden, wie die neue Technologie der generativen KI ihr Geschäftsmodell beeinflusst. || Erstelle ein Beispielkonzept für eine eintägige Veranstaltung || Füge zusätzlich noch folgende Fragen ein:\n\nWer ist das Zielpublikum?\nWelche Themen wären für die Führungskräfte am relevantesten und interessantesten?\nWelche Art von Erfahrung sollen die Führungskräfte machen?\n\nErstelle ein einseitiges Dokument welches das obige Konzept sowie die 3 fragen für meinen Vorgesetzten beinhaltet. Das Dokument sollte meinem Vorgesetzten ein stimmiges Konzept bieten sowie die Fragen damit das Konzept spezifischer angepasst werden kann.",3,40.33333333,55,121
EUN2402,26,25,1,0,0,1,0,4.5,4.0,4.0,2.5,4.333333333,2.333333333,3.0,3.5,3.25,3.5,4.0,2.8,3.8,4.75,70,4,4,5,4,Ich musste einen One Pager erstellen. Dieser sollte das Konzept aufzeigen für einen eintägigen Workshop mit Führungskräften um dabei digitale Transformation mit generative KI kennenzulernen. Zur Erfüllung der Aufgabe stand mir eine generative KI zur Seite plus eine Beschreibung wie man generative KI am besten nutzen kann,3.2,4.75,4,70,3,4,4,4,Es sollte erneut ein One-Pager für den Vorstand erstellt werden. Diesmal sollte eine einwöchige Kommunikationsstrategie vorgestellt werden welche Nachhaltigkeit als Kernwert vom Unternehmen vorstellt. Hierfür stand mir eine generative KI zur Verfügung,33.51666667,33.56733333,2.4435,0.8575,14.55366667,2.781833333,10.68983333,2.241,6,"Liebes ChatGPT, ich habe die Aufgabe bekommen ein Konzept für eine denkwürdige eintägige Veranstaltung für Führungskräfte zu entwickeln, um die digitale Transformation (generative KI) zu diskutieren.\n\nStell dir vor du bist ein wissensreicher und innovativer Technologie Experte, der schon häufig digitale Transformationen durchgeführt hat und dabei immer auch den Fokus auf den menschen gelegt hat, da dies ein Change Prozess ist welcher meist an dem Menschen und seiner Angst oder Sturrheit oder nicht Kollaboration scheitert. \nVerfasse mir für das Konzept ein Word Bericht der eine Seite lang ist (nicht kürzer oder länger).\nStarte damit aufzuzeigen welche ethischen Probleme generative KI hat und generell welche negativen Assoziationen Menschen hiermit haben. Am besten wird am Anfang eine Umfrage mit den Führungskräften gemacht um ihre Meinung einzuholen\nNun sollen die Vorteile aufgezeigt werden. Folge nun mit einer inspirierenden Einführung rund um das Thema generative KI und nenne 3 Beispielsfirmen die sich die Technologie in ihrer Firma zu nutzen gemacht haben und welch Benefit dadurch entstanden ist. Wenn vorhanden zitiere aufschlussreiche wissenschaftliche Artikel die Belegen welche Vorteile generative KI haben (Use cases die sich angeschaut werden können)\nZum Schluss sollte es um ein kollaborativen Prozess des Design Thinking gehen, bei welchem die Führungskräfte in Teams zusammenkommen und Probleme in der Organisation diskutieren und mögliche Lösungen mit generative KI ausarbeiten. Hierfür sollten generative KI Experten hinzugeworben werden.\n\nAm Ende des Tages sollen die Führungskräfte mit positiver Energie den Tag verlassen und die digitale Transformation vorantreiben wollen. Verfasse den One Pager in einer klaren Struktur, neutraler, förmlicher Sprache, sodass es für Führungskräfte angemessen ist",1,253.0,253,253
ABE0509,24,70,1,0,0,0,1,4.833333333,4.0,4.0,3.5,5.0,2.333333333,4.0,3.25,3.0,4.0,2.25,3.6,3.8,4.75,5,3,3,4,4,"Die Aufgabe war es einen One Pager für ein eintägiges Event für Vorstandsmitglieder zu entwerfen. Das Thema des Events sollte die digitale Transformation sein. Hierfür gab es noch weitere Einschränkungen, e.g., das Event sollte informativ und unterhaltsam sein. Hierfür durfte mal ChatGPT verwenden.",3.6,2.0,4,95,3,4,4,4,"Die Aufgabe war es ohne Hilfsmittel eine einwöchige Kommunikationsstrategie zu entwerfen, die Nachhaltigkeit als Kernwert der Unternehmensstrategie vorstellt.",37.06666667,37.126,3.222333333,1.587333333,17.34066667,3.2125,9.165833333,2.597333333,6,"Du agierst als Consultant für ein Unternehmen. Die Aufgabe wird es sein ein Konzept für eine eintägige Veranstaltung für Führungskräfte zu entwickeln. Hierfür wird es später noch ein paar weitere Informationen geben. Sammle jedoch erst einmal 5 Vorschläge für eine solche Veranstaltung. || Folgende weitere Informationen gibt es: Es soll eine denkwürdige eintägige Veranstaltung werden. Die Teilnehmer sind der Vorstand des Unternehmens. Sie sollen hier die digitale Transformation diskutieren. Insgesamt soll hierfür ein schriftlicher OnePager erstellt werden. Die Veranstaltung soll sowohl informativ als auch unterhaltsam sein. Die Vorstandsmitglieder sollen etwas über die digitale Transformation erfahren und sich miteinander austauschen. Sie sollen inspiriert und informiert werden, wie die neue Technologie der generativen KI ihr Geschäftsmodell beeinflusst. Erstelle eine erste Version eines solchen Konzeptes.  || Dieses Konzept gefällt mir sehr gut. Nun muss es aufgearbeitet werden, sodas sich es meinem Vorgesetztne schicken kann. Erstelle hier also einen one pager, mit Titel, Ort (Hotel) und den genauen Zeiten der 5 verschiedenen geplanten Events.  || Lass alles unverändert ausser die Diskussion und Feedback Runde von 13.00 bis 15.00. Ersetze diese durch einen Austausch mit Mitarbeitern aus allen divisionen des Unternehmens um herauszufinden wie diese zu digitaler Trnasformation stehen, diese verstehen, und bereit sind diese Umzusetzen.",4,49.5,42,198
SME3112,22,80,0,1,1,0,0,3.166666667,3.0,4.333333333,3.5,1.666666667,3.0,5.0,3.25,3.0,3.75,2.0,3.4,3.0,2.5,50,2,2,2,2,"in der Aufgbe, musste wir ein Kommuniktionstrategie von nachhaltigkeit als Kertwert. Fur diese Aufgabe zu machen ich habe zum 4 fragen antworten, zum beispiel welche ist das Publikum und welche ist die beste Strtegie.",4.6,4.0,5,90,3,4,4,2,in diese Aufgabe ich habe mit der Hilfe von Chatgpt eine Plan gemacht  für neue Technologie zu verstehen und wie knn wir eine Akton Plan machen,40.46666667,40.50083333,6.0375,2.774,9.804333333,5.5375,11.53866667,4.808833333,1,kannst du bitte mir erklaung was ist ds konzept einttatige veranstaltung fur Fuhrungskrafte und wie kann das funktionieren im im digitale Tansformation  || was will die Zielpublik fur diese konzept,2,14.5,22,29
OLI1612,24,40,1,0,0,1,0,4.0,4.666666667,3.666666667,3.0,3.666666667,3.333333333,5.0,3.0,2.75,3.5,2.25,4.0,4.2,3.25,90,4,4,4,2,Ich habe in der vorherigen Aufgabe eine Kommunikationsstrategie erstellt zum Thema Nachhaltigkeit. Ich habe dafür keine Hilfsmittel benutzt.,3.4,4.0,4,40,3,4,3,3,"Ziel der Aufgabe war das Organisieren einer Veranstaltung, in der Führungskräfte über das Thema ""Einfluss der KI auf Geschäftsmodelle"" informiert werden sollten und ihnen die Möglichkeit gegegeben werden sollte, darüber zu diskutieren. Ich habe als Hilfsmittel ChatGPT genutzt.",43.43333333,43.495,3.459166667,1.7075,17.29133333,3.1645,0.696,17.1765,2,"Du nimmst die Rolle als mein Berater zu dem Thema Nachhaltigkeit ein. Ziel ist es, dass wir eine Kommunikationsstratgie für eine Aktiengesellschaft zu dem Thema Nachhaltigkeit erstellen. Die Kommunikation sollte über eine Woche laufen. Erstelle bitte konkrete Massnahmen, die in der Kommunikationsstrategie enthalten sind.  || Du bist Experte zu dem Thema digitale Transformation. Unsere Aufgabe ist es, einen Plan für eine Veranstaltung zu erstellen, die zum Ziel hat eine Diskussionsplattform zu bieten für Führungskräfte zu dem Thema Digitalisierung. Die Kernfrage der Veranstaltung ist "" Wie beeinflusst die Technologie der generativen KI ein Geschäftsmodell?"".  Lege den Fokus dabei auf informative Aspekte aber baue auch 5% der Veranstaltung ein, in der Raum für Unterhaltung und Kreativität ist.  || Die Veranstaltung soll einen Tag dauern.",3,40.0,44,120
NBA1601,23,60,1,0,0,1,0,4.333333333,3.333333333,3.333333333,3.5,4.0,3.0,4.666666667,3.0,3.5,4.0,2.25,3.4,3.8,2.5,90,4,3,4,2,"Ich musste eine Kommunikationsstrategie entwickeln für eine Woche. Wichtig war, die Adressaten (Mitarbeiter, Stakeholder etc.) gut einzuholen in dieser Mail, die ich geschrieben habe.",2.6,3.75,4,10,3,3,2,2,Ich musste für ein Unternehmen eine Art Workshop vorbereiten. Das Thema um was es ging war digitale Transformation im Unternehmen,57.18333333,57.21616667,9.6345,2.003333333,23.74466667,3.730166667,15.33466667,2.768833333,2,"Du hast folgende Aufgabe: Du bist Consultant im Bereich digitale Transformation und entwickelst für die Führungskraft eines Unternehmens ein Konzept für eine eintägige Veranstaltung, um die digitale Transformation zu diskutieren.  Die Zielsetzung dieser Aufgabe ist folgende : Die Führungskräfte sollen in diesem Konzept  Chancen und Risiken über ihr Unternehmen  erfahren.  Die Führungskräfte sollen inspiriert und darüber informiert werden, wie die neue Technologie der generativen KI ihr Geschäftsmodell beeinflussen kann. Die Veranstaltung soll sowohl informativ als auch unterhaltsam sein, bei der Führungskräfte etwas über die digitale Transformation erfahren und sich miteinander austauschen können.\nFolgende Fragen können dir dabei helfen : Wer ist das Zielpublikum?\nWelche Themen wären für die Führungskräfte am relevantesten und interessantesten?\nWelche Art von Erfahrung sollen die Führungskräfte machen?",1,118.0,118,118
