ID,AGE,WORK,Gender_Männlich,Gender_Weiblich,Edu_Abgeschlossene_Berufsausbildung,Edu_Mittlere_Reife_Realschulabschluss,Edu_Abitur_oder_Fachabitur,Edu_Bachelor,Edu_Master,Edu_Doktortitel,AILiteracyUse,AILiteracyKno,AILiteracyDet,AILiteracyEth,PGAT,NGAT,CMV,NEOE,NEOA,NEOC,NEON,NEOO,Group_Nr,Prompt_Support,JC1IStR,JC1HRJD,SE1,SDT1AUT,SDT1COM,PROD1,TASKDIF1,MANI1,JC2IStR,JC2HRJD,SE2,SDT2AUT,SDT2COM,PROD2,TASKDIF2,MANI2,All_Prompts,Prompt_Count,Average_Word_Count_Prompts,First_Prompt_Word_Count,Total_Word_Count_Prompt,time_total,time_demogr,time_pers,time_task1,time_survey1,time_task2,time_survey2
ABO2606,22.0,25.0,1,0,0,0,0,1,0,0,3.166666667,3.333333333,4.0,2.5,4.0,2.666666667,4.666666667,2.75,3.0,3.75,2.5,3.6,1.0,0,2.8,2.333333333,100.0,2,3,4,2,0,2.8,4.0,20.0,3,5,3,4,"In der zweiten Aufgabe musste ich ein Konzept für eine eintägige Veranstaltung zum Thema ""Digitale Transformation"" für Führungskräfte erstellen. Hierbei konnte ich ChatGPT als Hilfsmittel nutzen, um mir Vorschläge für Themen, Events, und einen möglichen Zeitplan geben zu lassen. ","Ich benötige Unterstützung bei der Entwicklung eines Konzepts eine denkwürdige eintägige Veranstaltung für Führungskräfte, um die digitale Transformation zu diskutieren. Die Zielsetzung ist 1.) Erstellen Sie eine Veranstaltung, die sowohl informativ als auch unterhaltsam ist, bei der Führungskräfte etwas über die digitale Transformation erfahren und sich miteinander austauschen können. 2.) Die Teilnehmenden sollen inspiriert und darüber informiert werden, wie die neue Technologie der generativen KI ihr Geschäftsmodell beeinflusst. Folgende Fragen können bei der Konzeption helfen: 1.) Wer ist das Zielpublikum? 2.) Welche Themen wären für die Führungskräfte am relevantesten und interessantesten? 3.) Welche Art von Erfahrung sollen die Führungskräfte machen? || Welche neuen Erkenntnisse können die Führungskräfte auf dieser Veranstaltung erlangen? || Wie könnte ein Zeitplan für diese Veranstaltung aussehen?",3.0,39.33333333,100.0,118.0,35.03866667,9.134166667,1.056333333,11.98083333,1.290833333,11.50966667,0.066833333
APE2704,20.0,15.0,1,0,0,0,1,0,0,0,5.0,4.833333333,3.333333333,3.5,4.0,3.333333333,2.0,2.25,3.25,4.0,2.25,3.6,3.0,0,3.0,2.333333333,100.0,3,4,3,4,0,4.6,4.0,5.0,3,5,4,4,Ich musste einen Plan für eine einwöchige Veranstaltung in einem Unternehmen zum Thema nachhaltige Vision und nachhaltige Ziele entwickeln. Als Hilfsmittel habe ich Chatgpt Support verwendet.,"\nHilf mir diese Aufgabe zu lösen:\n\n\nEs ist Freitagnachmittag, die Vorgesetzte Ihres Chefs kommt auf Sie zu und fragt Sie, ob sie spontan für ein Vorstandsmeeting aushelfen können.\n\nEntwickeln Sie eine umfassende, einwöchige Kommunikationsstrategie zur Einführung von Nachhaltigkeit als Kernwert im gesamten Unternehmen.\n\nDie Aufgabe soll in Form eines schriftlichen One-Pagers gelöst werden.\n\n\n\nZielsetzung\nDas Engagement des Unternehmens für Nachhaltigkeit gegenüber allen Mitarbeitenden, Stakeholdern und der Öffentlichkeit soll klar zum Ausdruck bringen.\nDie Strategie soll zu einem tieferen Verständnisses von Nachhaltigkeit und ihrer Bedeutung bei den Mitarbeitern beitragen.\nDie Umsetzung der Nachhaltigkeitsprinzipien soll in konkrete Maßnahmen und Initiativen in allen Abteilungen und Betrieben umgesetzt werden können.\nDie folgenden Fragen können helfen:\nWelche Ziele werden mit der Strategie verfolgt?\nWer ist das Zielpublikum?\nWelche Themen wären für die Mitarbeitenden am relevantesten und interessantesten?\nWelche Art von Erfahrung sollen die Mitarbeitenden machen? || Gib mir noch mehr Ideen || Kommunikationsstrategie zur Implementierung von Nachhaltigkeit\n\nZielsetzung\n\nUnternehmensweites Bewusstsein für die Bedeutung und den Wert von Nachhaltigkeit schaffen.\nAkzeptanz und Engagement für nachhaltiges Handeln in allen Abteilungen fördern.\nDie Umsetzung von nachhaltigen Praktiken und Prinzipien in täglichen Geschäftsprozessen erleichtern.\nZielpublikum\n\nPrimär alle Mitarbeiter, zu Sekundäraudienz gehören Stakeholder (Partner, Investoren, Kunden) und die breite Öffentlichkeit. || Wie kann ich diesen Plan verbessern:\n\nKommunikationsstrategie zur Implementierung von Nachhaltigkeit\n\nZielsetzung\n\nUnternehmensweites Bewusstsein für die Bedeutung und den Wert von Nachhaltigkeit schaffen.\nAkzeptanz und Engagement für nachhaltiges Handeln in allen Abteilungen fördern.\nDie Umsetzung von nachhaltigen Praktiken und Prinzipien in täglichen Geschäftsprozessen erleichtern.\nZielpublikum\n\nPrimär alle Mitarbeiter, zu Sekundäraudienz gehören Stakeholder (Partner, Investoren, Kunden) und die breite Öffentlichkeit.\n\nRelevante Themen\n\nWirkung unserer Geschäftstätigkeiten auf Umwelt und Gesellschaft und Vorteile nachhaltiger Praktiken.\nBeispiele für erfolgreiche nachhaltige Initiativen aus der Industrie.\nWege zur Integration von Nachhaltigkeit in die täglichen Aufgaben und Abläufe der einzelnen Abteilungen.\nArt der Erfahrung\n\n\nRelevante Themen\n\nWirkung unserer Geschäftstätigkeiten auf Umwelt und Gesellschaft und Vorteile nachhaltiger Praktiken.\nBeispiele für erfolgreiche nachhaltige Initiativen aus der Industrie.\nWege zur Integration von Nachhaltigkeit in die täglichen Aufgaben und Abläufe der einzelnen Abteilungen.\nArt der Erfahrung\n\nInteraktive und partizipative Aktivitäten planen, die eine direkte Beteiligung, ein tieferes Lernen und eine nachhaltige Bewusstseinsbildung ermöglichen, darunter Workshops, Präsentationen, Gruppendiskussionen und Simulationsübungen.\n\nKommunikationsplan\n\nMontag: Einführung der Nachhaltigkeitswoche durch die Geschäftsführung mit klarem Ziel und Fokus, verbreitet durch E-Mail, firmeninternes Social Media und Aushänge.\n\nDienstag: Themenspezifische Präsentationen und Workshops in den einzelnen Abteilungen, um spezifische Maßnahmen zu besprechen und vorzustellen.\n\nMittwoch: Ein Webinar mit einem Experten für Nachhaltigkeit, um die Vorteile und die Bedeutung der Nachhaltigkeit in der heutigen Geschäftswelt zu unterstreichen.\n\nDonnerstag: Bereitstellung von Ressourcen und Materialien für die Eigenerkundung der Mitarbeiter. Einrichtung eines „grünen“ Forums für die Diskussion und den Austausch von Ideen.\n\nFreitag: Abschlussveranstaltung mit Rückblick und Ausblick. Ankündigung eines Wettbewerbs für das beste nachhaltige Projekt oder die beste Idee.\n\nDie Kommunikation zur Nachhaltigkeitswoche und zu den daraus resultierenden Initiativen wird durch regelmäßige Updates auf der Unternehmenswebsite und den sozialen Medien sichergestellt.\n\n",4.0,108.75,128.0,435.0,23.16933333,2.530833333,1.257666667,6.3725,1.443166667,11.385,0.180166667
SSG0102,20.0,20.0,1,0,0,0,1,0,0,0,3.833333333,4.333333333,3.333333333,2.0,3.333333333,2.333333333,3.666666667,3.75,3.5,3.5,2.25,4.0,3.0,0,3.8,3.666666667,70.0,5,2,2,3,0,5.0,2.75,80.0,4,4,4,3,Ich musste einen Abend organisieren für eine ein-wöchige Kommunikations Camp welches den Fokus auf Nachhaltigkeit Setzte. Als Hilfsmittel wurde ChatGPT zur Verfügung gestellt worden.,Wie wichtig ist Nachhaltigkeit heute || wie kann Nachhaltigkeit den Mitarbeitern helfen || nenne mir 5 punkt weshalb eine Frima nicht nachhaltig produzieren sollte || erklär mir in 5 sätzen warum Patagonia nun voll auf Nachahaltigkeit setzt || War die Änderung des Businessmodels von Patagonia ein erfolg nenn mir 3 gründe warum ja und 3 warum nein || nenn mir andere Firmen die die gleiche Entscheidung getrofffen haben wie Patagonia || welche von diesen 5 Firmen erreichte die beste Nachhaltigkeits kurve und wieso hat sie das erreicht,7.0,11.57142857,5.0,81.0,34.52516667,3.595666667,1.3015,10.433,1.658333333,14.911,2.625666667
ECH2807,21.0,30.0,1,0,0,0,1,0,0,0,4.0,4.5,4.666666667,3.0,3.333333333,3.333333333,4.0,3.0,3.5,3.25,2.5,4.0,4.0,1,3.4,3.333333333,100.0,5,4,4,3,0,3.8,3.75,70.0,3,5,4,3,"Ich musste für ein Unternehmen, über das ich keine weiteren Informationen besass, einen Marketing-Plan erstellen. Dieser Plan sollte kommunizieren, wie wichtig Nachhaltigkeit für das Unternehmen ist - ggü. internen und externen Stakeholdern. Dabei half mir ChatGPT, das v.a. lange ""Schreibaufgaben"" übernahm.","Hey ChatGPT, du bist ein Marketing-Genie, das kreative Ideen bringt, um unternehmensweite Strategien umzusetzen. Wenn ich dich nach Ideen frage, hältst du dich kurz, lieferst aber mehrere Antworten. Deine Ideen sind nah an den Menschen und kommen bei einem breiten Spektrum von Leuten gut an. Wenn ich Ideen habe, prüfst du sie sorgfältig und kritisierst, wo nötig. || Ich erstelle momentan eine einwöchige Kommunikationsstrategie zur Einführung von Nachhaltigkeit als Kernwert im gesamten Unternehmen. Diese Strategie soll bei den Leuten gut ankommen und sowohl intern, als auch extern klar unsere Werte kommunizieren. Sie soll auch dazu anleiten, nachhaltiges Engagement in allen Aspekten des Unternehmens zu fördern. || Mir gefällt die Idee der Green Challenge sehr. Hier sind meine Gedanken dazu: -> Abteilungsinterne Massnahmen und Challenges entwickeln - einen Preis für die effektivste Einsparung pro Abteilung. Diese Ideen sollen ausgestellt / präsentiert werden. Bspw. ""In der Logistik hatte Team XYZ folgende Idee.""\n\nBitte formuliere aus, wie das den Mitarbeitern kommuniziert werden könnte. Schreibe dazu keine Mail oder ähnlich, sondern formuliere einen Plan. Am Montagabend geht diese Information raus, am Donnerstagabend ist Einsendeschluss und am Freitagabend ist die Preisverleihung. Wichtig ist, dass in jeder Abteilung bis Donnerstagabend mindestens 2 Arbeitsstunden gesprochen werden, damit die Teams daran arbeiten können || Erzähle mir bitte mehr zum ""nachhaltigen Produkt Showcase"" und liefere kreative, ungebundene Ideen, wie man das an die Öffentlichkeit bringen könnte.",4.0,55.75,57.0,223.0,46.27983333,1.717166667,0.610833333,21.66416667,0.892166667,19.57433333,1.821166667
AST1210,25.0,60.0,1,0,0,0,0,0,0,0,4.166666667,3.833333333,4.0,3.0,3.0,3.333333333,4.333333333,3.0,4.0,3.75,3.0,4.2,3.0,0,4.4,3.666666667,100.0,5,4,4,2,0,3.2,5.0,15.0,4,5,3,4,"In der zweiten Aufgabe ging es um eine einwöchige Kommunikationsstrategie, welche zum Ziel hatte, den für das Unternehmen neu eingeführten Kernwert der Nachhaltigkeit, den wichtigsten Anspruchsgruppen mitzuteilen. Als Hilfsmittel stand dabei ChatGPT zur Verfügung.","Hallo, kannst du mir ein Kommunikationskonzept erstellen, wie wir Nachhaltigkeit als Kernwert unseres Unternehmens einführen und diese Einführung mit Mitarbeitern, der Öffentlichkeit und den Investoren teilen wollen? || Kannst du dieses Konzept welches du gerade erstellt hast, in eine einwöchige Roadmap miteinbeziehen?",2.0,20.5,27.0,41.0,28.102,3.470833333,1.178833333,12.41266667,1.6345,6.4455,2.959666667
IHE1103,24.0,20.0,1,0,0,0,0,1,0,0,4.0,3.5,2.666666667,2.0,5.0,2.0,5.0,2.75,4.0,3.75,3.0,4.0,2.0,1,3.6,2.333333333,75.0,4,3,4,2,0,4.4,5.0,20.0,4,5,5,4,"Ich sollte eine eintägige Veranstaltung aufsetzen, bei der Führungskräfte in das Thema digitale Transformation eingeführt werden. Dabei ging es darum informativ aber auch unterhaltsam zu sein. Zur Hilfestellung durfte ich ChatGPT benutzen.","Hilf mir bei folgender Aufgabe - du wirst von der Vorgesetzten deines Chefs gebeten bei dem nächsten Vorstandsmeeting auszuhelfen. Entwickle ein Konzept, eine denkwürdige eintägige Veranstaltung für Führungskräfte um digitale Transformation zu diskutieren.\nSei dabei bitte konkret und fasse dich informativ. Die Führungskräfte sollen unterhalten werden aber auch etwas über Tranfsformation lernen können. || Was ist dabei das Zielpublikum || Welche Themen wären für die Führungskräfte am relevantesten und interessantesten?",3.0,22.33333333,52.0,67.0,34.4385,3.611666667,1.466333333,13.39633333,1.803333333,11.32533333,2.8355
OME0709,22.0,50.0,1,0,0,0,1,0,0,0,4.333333333,3.333333333,3.0,4.0,2.333333333,3.333333333,4.333333333,3.5,2.75,3.0,3.25,3.8,4.0,1,4.6,2.0,70.0,5,5,4,3,0,3.8,4.0,50.0,5,5,4,2,"In der zweiten Aufgabe musste man für den eigenen Chef eine einwochige Strategie entwickeln, in der Mitarbeitende der Firma neue Technologien kennenlernen sollten. In der zweiten Aufgabe, in gegensatz zu der erste war es möglich sich mit Chat-GPT zu helfen um die Aufgabe zu lösen.","Hilfe mir beim organisieren einer umfassende, einwöchige Kommunikationsstrategie zur Einführung von Nachhaltigkeit als Kernwert im gesamten Unternehmen. || Welche Ziele werden mit der Strategie verfolgt? || Wer ist das Zielpublikum?\n || Welche Themen wären für die Mitarbeitenden am relevantesten und interessantesten?",4.0,9.5,17.0,38.0,29.252,3.240833333,1.664666667,10.7165,0.651833333,8.475833333,4.502333333
NBA0408,20.0,50.0,1,0,0,0,1,0,0,0,5.0,4.166666667,4.0,2.5,4.333333333,2.0,4.666666667,3.25,2.5,3.75,2.25,4.0,2.0,1,2.8,2.333333333,100.0,3,4,3,4,0,3.4,3.75,40.0,5,5,5,4,"Ich habe mittels einer OPENAI einen Text generiert. Die KI hat in meinem Auftrag und nach meinen vorstellungen eine neue Kommunikationsstrategie geschrieben. Im Nachhinein konnte ich textstellen, die ich nicht mochte, nochmals selber anpassen. ","Du bist ein Mitarbeiter in einem Unternehmen und musst eine neue Kommunikationsstrategie vorschlagen. Diese soll sich massgeblich auf die Nachhaltigkeit als zentraler neuer Wert beziehen. Fasse zunächst in 3 Sätzen die Kommunikationsstrategie zusammen und stelle mögliche Ziele in Aussicht. Führe danach 6 konkrete Vorschläge auf, welche sich auf die Investoren, mitabreiter, kunden beziehen das Ziel der Massnahmen muss die Förderung von Nachhaltigkeit im Bezug mit dem Unternehmen sein. Gebe die Antworten in einer angemessenen Businness Sprache zurück und fasse dich in den formulierungen kurz. Formuliere anschliessend noch in einem Text aus maximal 2 Sätzen das Potential einer geglückten neuen Kommunikationstrategie. Führe danach mittels 4 Stichpunkte die grössten Risiken auf, welche die erfolgreiche Umsetzung der Kommunikationsstrategie verhindern können.  ",1.0,117.0,117.0,117.0,44.35066667,3.447166667,1.675666667,20.21483333,1.829166667,13.783,3.400833333
AOD2103,25.0,60.0,1,0,0,0,0,1,0,0,3.5,4.0,3.666666667,3.5,4.333333333,3.666666667,3.333333333,3.5,3.5,4.0,3.5,3.4,1.0,0,2.8,4.0,100.0,2,4,3,4,0,3.8,4.0,30.0,2,4,3,3,Ich musste eine Verantstaltung über digitale Transformation für Fuehrungskraefte im Unternehmen organisieren. Dabei hatte ich ChatGPT als Hilfsmittel für die Vorbereitung.,"Hilfe mir, eine kurze aber informative eintägige Veranstaltung für die Führungskräfte im Unternehmen über die digitale Transformation zu machen. Punkte sind:\nWer ist das Zielpublikum?\nWelche Themen wären für die Führungskräfte am relevantesten und interessantesten?\nWelche Art von Erfahrung sollen die Führungskräfte machen? || Mache den Text kürzer und halte folgende Ziele ein: Zielsetzung:\n1) Erstellen Sie eine Veranstaltung, die sowohl informativ als auch unterhaltsam ist, bei der Führungskräfte etwas über die digitale Transformation erfahren und sich miteinander austauschen können.\n2) Die Teilnehmenden sollen inspiriert und darüber informiert werden, wie die neue Technologie der generativen KI ihr Geschäftsmodell beeinflusst. || kannst du trotzdem auf die fragen eingehen:Zielsetzung:\nErstellen Sie eine Veranstaltung, die sowohl informativ als auch unterhaltsam ist, bei der Führungskräfte etwas über die digitale Transformation erfahren und sich miteinander austauschen können.\nDie Teilnehmenden sollen inspiriert und darüber informiert werden, wie die neue Technologie der generativen KI ihr Geschäftsmodell beeinflusst.\nWer ist das Zielpublikum?\nWelche Themen wären für die Führungskräfte am relevantesten und interessantesten?\nWelche Art von Erfahrung sollen die Führungskräfte machen? -mach es bitte kreativ || mach die veranstltung kreativer und lustiger",4.0,42.5,40.0,170.0,30.7745,2.648,1.208,14.14333333,1.598,8.551166667,2.626
IME0910,27.0,100.0,0,1,0,0,0,1,0,0,4.166666667,4.166666667,4.0,3.5,2.0,3.0,4.0,2.75,3.0,3.5,2.25,3.0,4.0,1,3.8,3.666666667,80.0,3,2,4,2,0,4.2,5.0,95.0,3,5,4,4,"Ich musste nur denken wie könnte ich die Aufgabe zum ChatGPT geben und zu klar zu sein , dann es konnte besser machen. Ich habe geschrieben was ich brauchte und er hat die richtige Antwort gegeben. ",Du bist ein expert in a consulting firma und ud musst ein einwöchige Kommunikationsstrategie zur Einführung von Nachhaltigkeit als Kernwert im gesamten Unternehmen. Die Aufgabe sollte in Form eines schriftlichen One-Pagers gelöst werden. || as an expert bitte hat as ziell Die Umsetzung der Nachhaltigkeitsprinzipien soll in konkrete Maßnahmen und Initiativen in allen Abteilungen und Betrieben umgesetzt werden können.,2.0,29.0,33.0,58.0,36.12266667,4.4285,2.213,12.68583333,2.818,13.80766667,0.169666667
VBA1706,21.0,15.0,1,0,0,0,0,1,0,0,4.166666667,4.0,3.333333333,4.0,3.333333333,3.333333333,4.666666667,2.5,3.25,3.5,3.0,3.4,4.0,1,4.0,3.666666667,60.0,4,3,3,2,0,3.8,4.5,75.0,4,4,4,3,"Ich musste Chat GPT Orden geben. Es gab 7 besonderes punkte die ich lesen, verstehen und benutzen musste. Mit diese 7 besondere Punkte ich musste chatpgt oOrden geben um die Task zu machen","I need to develop a comprehensive week-long program about sustainability to demonstrate its core value across the company to the employees and all the stakeholders. My boss's boss asked me to do so it must be precise, detailed and apllicable to a company situation. Develop core values and daily activities to involve the entirity of the stakeholders || now write me the same but translated in German || Translate all the following text into german\n\nProgram Title: Sustainability Week: Prioritizing Sustainable Practices for a Greener Future\n\nCore Values:\n\nValue Creation: We aim to provide valuable contributions to the company by creating innovative, sustainable solutions.\nIntegrity: We pledge to operate our business honestly and ethically, promoting sustainability in all our actions.\nRespect: We respect our environment and are dedicated to mitigating our impacts to promote a healthier planet.\nRisk Management: We will actively work to identify, manage, and reduce environmental risks associated with our operations.\nCollaboration: We believe in the power of collective effort and encourage all employees and stakeholders to participate in our sustainability initiatives.\nDay 1 - Introduction to Sustainability & Its Importance in Business\n\nExpert Talk: Inviting subject matter experts to talk about sustainability and its impact on businesses.\nSustainability Quiz: A fun and interactive online quiz which will provide basic understanding of sustainability, carbon footprints, and climate change.\nDay 2 - Energy Conservation\n\nEnergy Audit Activities: Arrange an energy assessment to identify how energy is used in the company and where it's wasted.\nWebinar: Importance of Energy Conservation & Ways to Conserve Energy at Work.\nDay 3 - Waste Management and Reduction\n\nWaste Audit: Evaluate waste production in different areas of the company and brainstorm ways to reduce it.\nWorkshop: Waste Segregation and Recycling - Train employees about the importance of waste segregation and recycling.\nDay 4 - Water Conservation\n\nWater footprint calculator: Introduce an online tool to have employees calculate their water footprints and suggest ways to reduce it.\nBest Practices in Office: Discuss strategies for conserving water.\nDay 5 - Sustainable Transport\n\n""Bike to Work"" day: Encourage employees to use more sustainable modes of transportation.\nWebinar: Benefits and Insights on Sustainable Transportation.\nDay 6 - Sustainable Procurement Policies\n\nExplaining the concept of sustainable procurement and the use of sustainable suppliers.\nRound-table discussion: Explore ways to embrace ethical procurement practices.\nDay 7 - Building a Sustainable Workplace Culture\n\nEmployee Pledge: Ask employees to pledge for incorporating sustainable practices in their daily life.\nCelebration: Celebrate the successful completion of the initiative  Award most engaged participants.\nGiveaways: At the end of the week, provide eco-friendly giveaways such as reusable water bottles, cloth bags, or saplings to promote sustainability.\n\nThis week-long program encourages employees and stakeholders to actively participate in sustainable practices, thus ingraining the values of corporate environmental responsibility and sustainability deeper into the company culture.\n\n\n",3.0,145.3333333,57.0,436.0,42.504,5.943333333,2.724833333,29.0785,1.537333333,3.179833333,0.040166667
AFU0708,20.0,10.0,0,1,0,0,0,1,0,0,4.833333333,4.166666667,3.333333333,4.5,3.0,3.0,4.666666667,3.0,2.25,2.75,3.75,3.8,2.0,1,4.8,4.0,100.0,5,4,3,4,0,4.4,1.75,15.0,2,3,2,3,Mithilfe einer künstlichen Intelligenz konnte ich von Ihnen gestellte Fragestellung bearbeiten.  Dabei konnte ich Fragen stellen und anweisungen geben.,"Inwiefern koennen Fuehrungskraefte die digitale Transformation foerdern? || Schreibe in kurzen, logischen und konsequenten Sätzen, welche Bedeutung KI in Unternehmung heutzutage und in Zukunft hat, gehe hierbei besonders auf die Chancen und Gefahren ein als auch die Bedeutung fuer Fuehrungskraefte und Konsequenzen der Implementierung kuenstlicher Intelligenz fuer diese.",2.0,23.5,7.0,47.0,49.36433333,2.74,1.1095,28.376,1.344666667,13.571,2.223166667
USG0407,31.0,100.0,1,0,0,0,0,1,0,0,4.5,3.166666667,2.333333333,1.5,2.666666667,2.333333333,4.666666667,3.0,2.25,3.75,2.0,3.6,5.0,0,3.4,4.25,100.0,4,4,4,3,In der zweiten Aufgabe ging es um die Erstellung einer einwöchigen Strategie(Ausarbeitung) um neu Nachhaltigkeit als Kernwert des Unternehmens aufzubauen (wie dies geschehen soll etc.). Hilfsmittel standen keine zur Verfügung.,3.4,3.333333333,5.0,3,4,3,3,0,erstellen des Konzept einer eintägigen Veranstaltung für Führungskräfte um digitale Transformation zu diskutieren || Konzept finalisieren und endgültig erstellen,2.0,9.0,13.0,18.0,17.79266667,2.273666667,0.9685,5.969,2.997,4.290666667,1.293833333
AHO1006,26.0,40.0,1,0,0,0,0,1,0,0,4.666666667,4.666666667,4.0,3.5,4.333333333,2.0,4.666666667,3.0,4.0,3.75,1.75,3.4,2.0,1,2.4,2.25,100.0,2,2,2,2,Ich musste eine Kommunikationsstrategie erstellen um Nachhaltigkeit im Unternehmen einzuführen. Hierzu hatte ich wenige Informationen und keine Hilfsmittel.,2.8,5.0,20.0,3,5,5,5,Ich musste ein Konzept zum Thema digitale Transformation entwickeln und konnte dabei auch chatgpt als Hilfsmittel zugreifen.,"Lösen Sie die Aufgabe aus einer Ich Perspektive, achten sie dabei auf eine strukturierte und professionelle Ansprache.\nEs ist Freitagnachmittag, die Vorgesetzte Ihres Chefs kommt auf Sie zu und fragt Sie, ob sie spontan für ein Vorstandsmeeting aushelfen können.\nEntwickeln Sie ein Konzept für eine denkwürdige eintägige Veranstaltung für Führungskräfte, um die digitale Transformation zu diskutieren.\n\nDie Aufgabe soll in Form eines schriftlichen One-Pagers gelöst werden.                                                                                                                                                                                                                                                   \nErstellen Sie eine Veranstaltung, die sowohl informativ als auch unterhaltsam ist, bei der Führungskräfte etwas über die digitale Transformation erfahren und sich miteinander austauschen können.\nDie Teilnehmenden sollen inspiriert und darüber informiert werden, wie die neue Technologie der generativen KI ihr Geschäftsmodell beeinflusst.",1.0,105.0,105.0,105.0,8.209333333,2.806333333,0.800666667,2.161666667,0.156833333,2.221333333,0.0625
AWA2505,21.0,20.0,0,1,0,0,1,0,0,0,3.833333333,3.5,3.0,2.5,4.0,3.0,4.0,2.5,2.5,3.5,2.75,4.0,2.0,1,3.4,2.0,100.0,3,3,2,2,Ich musste einen einwöchige Kommunikationsstrategie für ein Vorstandstreffen eines Unternehmens erstellen um Nachhaligkeit als neuen Kernwert einzuführen. Mir standen keine Hilfsmittel zur Verfügung.,3.2,4.5,10.0,4,5,3,2,Ich musste einen eintägigen Veranstaltungsplan erstellen für Führungskräfte zum über die digitale Transformation zu diskutieren. Mir stand ChatGPT zur Verfügung.,Ich muss ein Konzept für eine eintägige Veranstaltung für Führungskrafte zur Diskussion von digitaler Transformation erstellen. Du sollst mir hierbei helfen das Konzept zu erstellen. || versuche beim konzept auch auf das thema wie ki geschäftsmodelle beeinflusst einzugehen.,2.0,18.5,25.0,37.0,40.6715,3.224333333,1.34,15.11283333,3.292,15.217,2.485333333
EZA0703,22.0,10.0,1,0,0,0,1,0,0,0,4.166666667,4.166666667,3.333333333,3.0,4.333333333,3.0,4.333333333,3.25,3.0,3.5,3.0,3.8,5.0,0,3.8,2.0,100.0,3,4,3,2,"Ziel war es einen einwöchigen Workshop zum Thema Nachhaltigkeit als Kernwert zu erstellen. Dabei war es wichtig, die Veranstaltung informativ und interessant zu gestalten. Es standen keine Hilfsmittel zur Verfügung.",4.2,4.5,35.0,3,4,4,4,"Ziel war es einen One-Pager für eine Veranstaltung zu erstellen. Es war wichtig, dass die Veranstaltung informativ, aber auch gesellig ist. Zielgruppe waren Führungskräfte. Hilfsmittel - AI-Chatbot","Du arbeitest in einem Büro. Weisst wie man gute Meetings plant und bis ein ausgezeichneter organisieren. Ausserdem bist du technologisch auf dem neusten Stand. \nHilf mir dabei ein Konzept für eine denkwürdige eintägige Veranstaltung für Führungskräfte, um die digitale Transformation zu diskutieren.\n\nErstelle dazu ein One-Pager über die informative und unterhaltsame Veranstaltung für die Führungskräfte. Sie sollen über digitale Transformationen erfahren und sich miteinander austauschen können. || Bitte schmück es noch ein wenig aus. Mach es spannender und interessanter. Die Leute sollen meinen, sie verpassen etwas, falls sie nicht kommen.",2.0,44.0,65.0,88.0,32.383,3.060333333,1.3105,11.16233333,2.526833333,11.24,3.083
AGU2207,23.0,40.0,1,0,0,0,0,1,0,0,4.166666667,3.5,3.0,2.5,5.0,3.333333333,4.666666667,3.0,2.75,3.25,3.75,4.0,7.0,0,3.0,2.25,100.0,2,2,3,3,Ich sollte einen Tag konzipieren bei dem Führungskräfte unserer Firma Impulse zur digitalen Transformation kriegen. Dafür habe ich den Ablauf des Tages konzipiert in dem durch verschiedene Workshops die Potenziale aufgezeigt werden sollte. KI hatte ich in dieser Aufgabe nicht als Unterstützung.,3.6,3.0,50.0,2,5,3,3,"Ich sollte in der Aufgabe eine Strategie ausarbeiten durch die Nachhaltigkeit als neuer Kernwert in das Unternehmen aufgenommen werden soll. Dafür sollte ich eine Woche mit Aufgaben und Impulsen gestallten die sicherstellt, dass alle relevanten Stakeholder eingeschlossen werden. Ich konnte zur Bearbeitung ChatGPT als KI nutzen, die mir eine erste Vorlage für die Woche gegeben hat in die ich reinarbeiten konnte.",Bitte hilf mir bei der Erstellung einer Kommunikationsstrategie um Nachhaltigkeit als Kernwert im Unternehmen zu verankern. Gebe mir die relevanten strategischen Schritte sowie den Wortlaut mit dem Nachhaltigkeit an Mitarbeiter aber auch an die öffentlich kommuniziert werden kann. || bitte erweitere die interne Kommunikation mit dem Appell an konkrete Massnahmen in den Abteilungen. ,2.0,26.0,38.0,52.0,43.90966667,2.6275,1.146833333,13.862,0.0835,22.23016667,3.959666667
NPR1810,22.0,10.0,0,1,0,0,0,1,0,0,3.5,3.833333333,3.333333333,2.0,3.0,3.333333333,1.666666667,3.25,3.75,4.0,2.75,4.0,7.0,0,3.6,1.5,100.0,4,4,4,4,In der vorigen Aufgabe sollte ein Tagesprogramm für ein Workshop-ähnliches Format zur Weiterbildung von Führungskräften in Bezug auf digitale Transformation entwickelt werden. Bis auf die 3 beispielhaften Leitfragen in der Angabe standen keine Hilfsmittel zur Verfügung.,2.8,3.0,75.0,4,4,3,3,"In der vorangegangenen Aufgabe musste ich einen Kommunikationsplan (für die kommende Wovche) erstellen, welcher eine von mir vorgeschlagene Strategie zur fördern von Nachhaltigkeit im Unternehmen und gegenüber der Unternehmensumwelt, namentlich durch geeignete Strategiemassnahmen, kommunizieren soll. Als Hilfsmittel stand mir die Chatfuntion von ChatGPT zur Verfügung, diese habe ich einmal zur ersten Ideenorientierung benutzt, und mich miti 3 Ideen auf sie berufen.",Bitte nenne Ideen für mehr Nachhaltigkeit in Unternehmen,1.0,8.0,8.0,8.0,42.79316667,3.0905,1.1985,11.81983333,2.502833333,19.8285,4.353
RBO0106,18.0,50.0,0,1,0,0,1,0,0,0,3.666666667,3.833333333,4.333333333,3.5,2.666666667,3.333333333,4.0,2.75,3.5,3.75,2.5,4.0,8.0,1,4.2,2.25,100.0,3,4,3,3,Ich hatte keine hilfsmittel. Ich mustte die aufgabe alleine lossen was langsamer war. Ohne hilfsmittel und nicht viele kentnisse uber das thema war es schwierig.,2.4,5.0,5.0,3,4,4,4,Ich musste fur meinen chef ein ein-woches lang kommunikationsplan machen. Chat Gpt hat mir geholfen um es zu machen. Es war schnell und ich musste nicht viel daruber denken.,"Entwickeln Sie eine umfassende, einwöchige Kommunikationsstrategie zur Einführung von Nachhaltigkeit als Kernwert im gesamten Unternehmen.\n\nDie Aufgabe soll in Form eines schriftlichen One-Pagers gelöst werden.",1.0,24.0,24.0,24.0,38.56466667,5.9635,2.541166667,10.90116667,3.824166667,10.40033333,4.934333333
DPR0408,33.0,30.0,0,1,0,0,0,0,1,0,2.666666667,3.333333333,3.666666667,3.5,3.333333333,2.333333333,3.333333333,3.5,3.0,3.5,2.5,3.8,5.0,0,3.0,1.75,80.0,2,3,4,2,"Ich musste für ein Unternehmen eine Kommunikationsstrategie für die Nachhaltigkeit entwickeln. Es standen mir Leitfragen, aber keine weiteren Hilfsmittel zur Verfügung.",3.8,5.0,90.0,4,4,3,4,Ich musste in kurzer Zeit für eine vorgesetzte Person einen Veranstaltungsentwurf bereitstellen und hatte Chat GPT als Unterstützung. Die Veranstaltung sollte für Führungskräfte sein und das Thema der digitalen Transformation behandeln.," Kannst du mir den Ablauf für eine eintägige Veranstaltung für Führungskräfte geben? Die Veranstaltung sollte interaktiv und informativ sein und das Thema ist ""digitale Transformation"". || Kannst du die Keynote-Präsentation kürzer machen und den Anfang auf 8:30 nehmen? || Kannst du das Ende der Veranstaltung auf 17:30 nehmen? || Kannst du den Anfang der Veranstaltung auf 8:30 und das Ende auf 17:30 nehmen?",4.0,15.0,25.0,60.0,32.97916667,2.219833333,1.313666667,15.2035,0.129666667,11.03083333,3.081666667
EDE0211,47.0,60.0,1,0,0,0,0,0,1,0,5.0,3.666666667,4.333333333,4.0,5.0,3.0,3.666666667,3.25,3.5,3.75,3.5,4.2,7.0,0,2.6,3.25,100.0,5,4,4,2,Ich musste in einem One-Pager ein kleines Event-Konzept zur digitalen Transformation für Führungskräfte erstellen. Dabei durfte ich keine Hilfsmittel verwenden bzw. habe absolut keine benützt. Dies unter Zeitdruck.,4.4,4.5,40.0,5,4,4,3,Ich musste in einem One-Pager ein Nachhaltigkeitskonzept in wenigen Minuten erstellen. Dabei durfte ich die GPT als Unterstützung benutzen.,"GPT, ich stehe vor dieser Arbeit und lass uns Schritt für Schritt rasch durchgehen: Es ist Freitagnachmittag, die Vorgesetzte Ihres Chefs kommt auf Sie zu und fragt Sie, ob sie spontan für ein Vorstandsmeeting aushelfen können.\n\nEntwickeln Sie eine umfassende, einwöchige Kommunikationsstrategie zur Einführung von Nachhaltigkeit als Kernwert im gesamten Unternehmen.\n\nDie Aufgabe soll in Form eines schriftlichen One-Pagers gelöst werden.\n\nSie haben 12 Minuten Zeit.\n\nZielsetzung\nDas Engagement des Unternehmens für Nachhaltigkeit gegenüber allen Mitarbeitenden, Stakeholdern und der Öffentlichkeit soll klar zum Ausdruck bringen.\nDie Strategie soll zu einem tieferen Verständnisses von Nachhaltigkeit und ihrer Bedeutung bei den Mitarbeitern beitragen.\nDie Umsetzung der Nachhaltigkeitsprinzipien soll in konkrete Maßnahmen und Initiativen in allen Abteilungen und Betrieben umgesetzt werden können.\nDie folgenden Fragen können helfen:\nWelche Ziele werden mit der Strategie verfolgt?\nWer ist das Zielpublikum?\nWelche Themen wären für die Mitarbeitenden am relevantesten und interessantesten?\nWelche Art von Erfahrung sollen die Mitarbeitenden machen? || Lass uns den ersten 1. Punkt nchmals anschauen und zwar, 1.  möchte ich dazu, wieso wir dies machen, so dass der leser überzeugt ist und versteht, was die hintergründe sind. Bitte mache die Sätze kürzer, prägnant, willkommend zu lesen und behalte eine professionelle und posiviter Streibstil.  || ich finde, bei 2. kannst du bitte die fertigungsstrecke auslassen, denn du weisst ja nicht, ob es industrie oder eine servcie unternehmen ist. bitte hier einfach abstrakter sein. bei 3. möchte ich dass es nicht so exemplarisch ist, denn der vorstand wird es vorallem zuerst lesen. 4. learning bei doing, doch im sinne von kanban, konstant improvmenet. trainigs müssen rein, feedbackkultur, so dass wir uns auch stets anpassen und die inputs aller stakeholders miteinbezihen. dazu müssen wir stets immer reveiws haben, welcher dann in punkt fünf sein darf. dies könnte ja mit einem externen partner ein auditing sein. || bei 1. bitte noch ergänzen, nicht nur wettbewerbsvorteile, sondenr auch ein tiefgründiges eigen interesse and die umwelt und nachhaltigkeit.  || gib mir noch in einem satz, worum überhaupt diese paper geht zuerst || punkt eins habe ich übernommen von vorhin, in 2. möchte ich noch eine granularere stakeholdership.  || 5. soll bitte professioneler gewschrieben werden. dazu., öchte ich, dass die kommunikation der bewertung transaprent und mit technologischen mitteln visuell an alle kommuniziert wird || bei den themen, kannst du noch kreativer sein, und mehr beispiele geben? bitte nur auf 3. fokussieren || können wir noch einen punkt 6. machen, wo wir rewards, und auch incentives integrieren und idese in form von bonus für alle sind. d.h. bei lieferanten, reduktion von preisen?  || kürzer, es muss im still von vorhin pssen. ",10.0,40.9,141.0,409.0,48.48983333,3.5365,1.592666667,2.715,0.049333333,38.046,2.550333333
OBA0612,28.0,70.0,0,1,0,0,0,0,1,0,5.0,4.5,3.333333333,4.0,4.666666667,3.333333333,4.333333333,4.0,4.0,4.25,4.0,4.4,4.0,1,4.25,4.0,100.0,5,3,4,3,Ich sollte ein eintägige Veranstaltung für Vorstände planen die über Digitalisierung informiert werden sollten. Dabei hatte ich keine Hilfsmittel zur Verfügung,3.6,4.0,40.0,2,4,4,3,Ich musste ein einwöchiges Seminar für Vorstände entwickeln um das Thema Nachhaltigkeit zu erarbeiten und sie zu animieren es in ihren unternehmen mehr umzusetzen. Ich hatte Chat GPT als Hilfsmittel.,"Ich soll eine einwöchige Kommunikationsstrategie zur Einführung von Nachhaltigkeit als Kernwert im gesamten Unternehmen entwickeln. Zielgruppe sind Vorstände.\n\nDie Aufgabe soll in Form eines schriftlichen One-Pagers gelöst werden und darf kreativ beantwortet werden. Die Zielsetzung ist: Das Engagement des Unternehmens für Nachhaltigkeit gegenüber allen Mitarbeitenden, Stakeholdern und der Öffentlichkeit soll klar zum Ausdruck bringen. Die Strategie soll zu einem tieferen Verständnisses von Nachhaltigkeit und ihrer Bedeutung bei den Mitarbeitern beitragen.\nDie Umsetzung der Nachhaltigkeitsprinzipien soll in konkrete Maßnahmen und Initiativen in allen Abteilungen und Betrieben umgesetzt werden können.\nDie folgenden Fragen sollen beantwortet werden:\nWelche Ziele werden mit der Strategie verfolgt?\nWer ist das Zielpublikum?\nWelche Themen wären für die Mitarbeitenden am relevantesten und interessantesten?\nWelche Art von Erfahrung sollen die Mitarbeitenden machen?",1.0,116.0,116.0,116.0,31.70766667,2.022666667,0.846833333,12.37983333,2.555166667,11.80366667,2.0995
LCH0603,19.0,10.0,1,0,0,0,1,0,0,0,3.833333333,3.833333333,3.333333333,2.5,3.666666667,3.0,5.0,3.0,3.75,3.75,2.25,4.0,3.0,0,3.0,1.0,100.0,4,5,5,4,"Keine Hilfsmittel, ich musste einen Plan für eine eintägige Veranstaltung für Führungspositionen zum Thema digitale Transformation erstellen.",2.0,4.5,10.0,2,5,1,4,"ChatGPT, ich musste eine einwöchige Kommunikationsstrategie für die Wichtigkeit des Themas 'Nachhaltigkeit' erstellen.","kreiere eine  einwöchige Kommunikationsstrategie zur Einführung von Nachhaltigkeit als Kernwert im gesamten Unternehmen || nochmals, aber hier ist die Zielsetzung der Strategie: Das Engagement des Unternehmens für Nachhaltigkeit gegenüber allen Mitarbeitenden, Stakeholdern und der Öffentlichkeit soll klar zum Ausdruck bringen.\nDie Strategie soll zu einem tieferen Verständnisses von Nachhaltigkeit und ihrer Bedeutung bei den Mitarbeitern beitragen.\nDie Umsetzung der Nachhaltigkeitsprinzipien soll in konkrete Maßnahmen und Initiativen in allen Abteilungen und Betrieben umgesetzt werden können.",2.0,35.5,13.0,71.0,28.31283333,3.438166667,1.399,13.3075,2.897833333,7.2105,0.059833333
IST0303,23.0,20.0,1,0,0,0,0,0,1,0,5.0,4.166666667,4.0,2.5,5.0,3.333333333,4.0,3.0,3.0,3.75,3.0,4.4,4.0,1,3.0,4.0,100.0,3,5,3,5,"Ich musste mir ein Event für Vorstandsmitglieder überlegen, damit diese mehr über das Thema KI lernen. Es standen mir keine Hilfsmittel zu verfügung",2.6,4.75,20.0,2,4,4,4,Ich musste eine Kommunikationswoche für ein Unternehmen überlegen um über das Thema Nachhaltigkeit in dem unternehmen zu sprechen und die UnternemensZiele darzustellen. Ich hatte ChatGPt als unterstützung.,"Guten Tag, du bist für die folgenden Fragen mein Innovations Assistent und unterstützt mich bei folgender Aufgabe: Entwickeln Sie eine umfassende, einwöchige Kommunikationsstrategie zur Einführung von Nachhaltigkeit als Kernwert im gesamten Unternehmen.\n\nDabei wurde mir noch folgende drei Zielsetzungen gegeben:\n1.Das Engagement des Unternehmens für Nachhaltigkeit gegenüber allen Mitarbeitenden, Stakeholdern und der Öffentlichkeit soll klar zum Ausdruck bringen.\n2.Die Strategie soll zu einem tieferen Verständnisses von Nachhaltigkeit und ihrer Bedeutung bei den Mitarbeitern beitragen.\n3.Die Umsetzung der Nachhaltigkeitsprinzipien soll in konkrete Maßnahmen und Initiativen in allen Abteilungen und Betrieben umgesetzt werden können.\n\nUnd folgende Fragen wurden mir als Unterstützung noch an die Hand gegeben:\nWelche Ziele werden mit der Strategie verfolgt?\nWer ist das Zielpublikum?\nWelche Themen wären für die Mitarbeitenden am relevantesten und interessantesten?\nWelche Art von Erfahrung sollen die Mitarbeitenden machen?\n\n || Kürze die Unternehmung bitte auf 5 Arbeitstage. Führe auch spezfische Events für die jeweiligen Abteilungen ein, die Sich auch^^f Ihr sachgebiet spezifizieren  || Das ist schon sehr gut, bitte schreibe zu den jeweiligen Aktivitäten noch Beispiele zum besseren verstämndis, was dann unternommen werden kann. Geb für die Verschiedenen Abteilungen villeicht eine Tabelle an mit möglichen Expertengesprächen ",3.0,59.66666667,124.0,179.0,28.71733333,2.215,1.060833333,8.564,2.3235,14.469,0.085
EBO1608,30.0,60.0,1,0,0,0,0,1,0,0,4.333333333,4.166666667,3.0,3.5,3.333333333,3.0,3.666666667,3.5,3.75,3.75,3.5,4.2,5.0,0,4.2,1.75,100.0,4,4,5,3,Ich musste eine einwöchige Kommunikationsstrategie für mein Unternehmen entwickeln um Nachhaltigkeit als Kernwert zu etablieren. Mir standen keine Hilfsmittel zur Verfügung.,2.6,4.25,20.0,3,4,4,4,Ich musste ein eintägiges Vorstandsmeeting zum Thema Digitale Transformation für meinen Vorgesetzten vorbereiten. Als Hilfsmittel stand mir ChatGPT zur Verfügung.,"Hilf mir ein Vorstandsmeeting zu organisieren. Ich werde dir folgende Inputs geben:\n- Erstellen Sie eine Veranstaltung, die sowohl informativ als auch unterhaltsam ist, bei der Führungskräfte etwas über die digitale Transformation erfahren und sich miteinander austauschen können.\n- Die Teilnehmenden sollen inspiriert und darüber informiert werden, wie die neue Technologie der generativen KI ihr Geschäftsmodell beeinflusst. || Erstelle ein Beispielkonzept für eine eintägige Veranstaltung || Füge zusätzlich noch folgende Fragen ein:\n\nWer ist das Zielpublikum?\nWelche Themen wären für die Führungskräfte am relevantesten und interessantesten?\nWelche Art von Erfahrung sollen die Führungskräfte machen?\n\nErstelle ein einseitiges Dokument welches das obige Konzept sowie die 3 fragen für meinen Vorgesetzten beinhaltet. Das Dokument sollte meinem Vorgesetzten ein stimmiges Konzept bieten sowie die Fragen damit das Konzept spezifischer angepasst werden kann.",3.0,40.33333333,55.0,121.0,26.86266667,2.384166667,1.3555,12.50233333,0.091,7.7295,2.800166667
EUN2402,26.0,25.0,1,0,0,0,0,1,0,0,4.5,4.0,4.0,2.5,4.333333333,2.333333333,3.0,3.5,3.25,3.5,4.0,2.8,6.0,1,3.2,4.75,70.0,3,4,4,4,Es sollte erneut ein One-Pager für den Vorstand erstellt werden. Diesmal sollte eine einwöchige Kommunikationsstrategie vorgestellt werden welche Nachhaltigkeit als Kernwert vom Unternehmen vorstellt. Hierfür stand mir eine generative KI zur Verfügung,3.8,4.75,70.0,4,4,5,4,Ich musste einen One Pager erstellen. Dieser sollte das Konzept aufzeigen für einen eintägigen Workshop mit Führungskräften um dabei digitale Transformation mit generative KI kennenzulernen. Zur Erfüllung der Aufgabe stand mir eine generative KI zur Seite plus eine Beschreibung wie man generative KI am besten nutzen kann,"Liebes ChatGPT, ich habe die Aufgabe bekommen ein Konzept für eine denkwürdige eintägige Veranstaltung für Führungskräfte zu entwickeln, um die digitale Transformation (generative KI) zu diskutieren.\n\nStell dir vor du bist ein wissensreicher und innovativer Technologie Experte, der schon häufig digitale Transformationen durchgeführt hat und dabei immer auch den Fokus auf den menschen gelegt hat, da dies ein Change Prozess ist welcher meist an dem Menschen und seiner Angst oder Sturrheit oder nicht Kollaboration scheitert. \nVerfasse mir für das Konzept ein Word Bericht der eine Seite lang ist (nicht kürzer oder länger).\nStarte damit aufzuzeigen welche ethischen Probleme generative KI hat und generell welche negativen Assoziationen Menschen hiermit haben. Am besten wird am Anfang eine Umfrage mit den Führungskräften gemacht um ihre Meinung einzuholen\nNun sollen die Vorteile aufgezeigt werden. Folge nun mit einer inspirierenden Einführung rund um das Thema generative KI und nenne 3 Beispielsfirmen die sich die Technologie in ihrer Firma zu nutzen gemacht haben und welch Benefit dadurch entstanden ist. Wenn vorhanden zitiere aufschlussreiche wissenschaftliche Artikel die Belegen welche Vorteile generative KI haben (Use cases die sich angeschaut werden können)\nZum Schluss sollte es um ein kollaborativen Prozess des Design Thinking gehen, bei welchem die Führungskräfte in Teams zusammenkommen und Probleme in der Organisation diskutieren und mögliche Lösungen mit generative KI ausarbeiten. Hierfür sollten generative KI Experten hinzugeworben werden.\n\nAm Ende des Tages sollen die Führungskräfte mit positiver Energie den Tag verlassen und die digitale Transformation vorantreiben wollen. Verfasse den One Pager in einer klaren Struktur, neutraler, förmlicher Sprache, sodass es für Führungskräfte angemessen ist",1.0,253.0,253.0,253.0,33.56733333,2.4435,0.8575,10.68983333,2.241,14.55366667,2.781833333
ABE0509,24.0,70.0,1,0,0,0,0,0,1,0,4.833333333,4.0,4.0,3.5,5.0,2.333333333,4.0,3.25,3.0,4.0,2.25,3.6,6.0,1,3.6,2.0,95.0,3,4,4,4,"Die Aufgabe war es ohne Hilfsmittel eine einwöchige Kommunikationsstrategie zu entwerfen, die Nachhaltigkeit als Kernwert der Unternehmensstrategie vorstellt.",3.8,4.75,5.0,3,3,4,4,"Die Aufgabe war es einen One Pager für ein eintägiges Event für Vorstandsmitglieder zu entwerfen. Das Thema des Events sollte die digitale Transformation sein. Hierfür gab es noch weitere Einschränkungen, e.g., das Event sollte informativ und unterhaltsam sein. Hierfür durfte mal ChatGPT verwenden.","Du agierst als Consultant für ein Unternehmen. Die Aufgabe wird es sein ein Konzept für eine eintägige Veranstaltung für Führungskräfte zu entwickeln. Hierfür wird es später noch ein paar weitere Informationen geben. Sammle jedoch erst einmal 5 Vorschläge für eine solche Veranstaltung. || Folgende weitere Informationen gibt es: Es soll eine denkwürdige eintägige Veranstaltung werden. Die Teilnehmer sind der Vorstand des Unternehmens. Sie sollen hier die digitale Transformation diskutieren. Insgesamt soll hierfür ein schriftlicher OnePager erstellt werden. Die Veranstaltung soll sowohl informativ als auch unterhaltsam sein. Die Vorstandsmitglieder sollen etwas über die digitale Transformation erfahren und sich miteinander austauschen. Sie sollen inspiriert und informiert werden, wie die neue Technologie der generativen KI ihr Geschäftsmodell beeinflusst. Erstelle eine erste Version eines solchen Konzeptes.  || Dieses Konzept gefällt mir sehr gut. Nun muss es aufgearbeitet werden, sodas sich es meinem Vorgesetztne schicken kann. Erstelle hier also einen one pager, mit Titel, Ort (Hotel) und den genauen Zeiten der 5 verschiedenen geplanten Events.  || Lass alles unverändert ausser die Diskussion und Feedback Runde von 13.00 bis 15.00. Ersetze diese durch einen Austausch mit Mitarbeitern aus allen divisionen des Unternehmens um herauszufinden wie diese zu digitaler Trnasformation stehen, diese verstehen, und bereit sind diese Umzusetzen.",4.0,49.5,42.0,198.0,37.126,3.222333333,1.587333333,9.165833333,2.597333333,17.34066667,3.2125
SME3112,22.0,80.0,0,1,0,0,1,0,0,0,3.166666667,3.0,4.333333333,3.5,1.666666667,3.0,5.0,3.25,3.0,3.75,2.0,3.4,1.0,0,3.0,2.5,50.0,2,2,2,2,"in der Aufgbe, musste wir ein Kommuniktionstrategie von nachhaltigkeit als Kertwert. Fur diese Aufgabe zu machen ich habe zum 4 fragen antworten, zum beispiel welche ist das Publikum und welche ist die beste Strtegie.",4.6,4.0,90.0,3,4,4,2,in diese Aufgabe ich habe mit der Hilfe von Chatgpt eine Plan gemacht  für neue Technologie zu verstehen und wie knn wir eine Akton Plan machen,kannst du bitte mir erklaung was ist ds konzept einttatige veranstaltung fur Fuhrungskrafte und wie kann das funktionieren im im digitale Tansformation  || was will die Zielpublik fur diese konzept,2.0,14.5,22.0,29.0,40.50083333,6.0375,2.774,9.804333333,5.5375,11.53866667,4.808833333
OLI1612,24.0,40.0,1,0,0,0,0,1,0,0,4.0,4.666666667,3.666666667,3.0,3.666666667,3.333333333,5.0,3.0,2.75,3.5,2.25,4.0,2.0,1,4.2,3.25,90.0,4,4,4,2,Ich habe in der vorherigen Aufgabe eine Kommunikationsstrategie erstellt zum Thema Nachhaltigkeit. Ich habe dafür keine Hilfsmittel benutzt.,3.4,4.0,40.0,3,4,3,3,"Ziel der Aufgabe war das Organisieren einer Veranstaltung, in der Führungskräfte über das Thema ""Einfluss der KI auf Geschäftsmodelle"" informiert werden sollten und ihnen die Möglichkeit gegegeben werden sollte, darüber zu diskutieren. Ich habe als Hilfsmittel ChatGPT genutzt.","Du nimmst die Rolle als mein Berater zu dem Thema Nachhaltigkeit ein. Ziel ist es, dass wir eine Kommunikationsstratgie für eine Aktiengesellschaft zu dem Thema Nachhaltigkeit erstellen. Die Kommunikation sollte über eine Woche laufen. Erstelle bitte konkrete Massnahmen, die in der Kommunikationsstrategie enthalten sind.  || Du bist Experte zu dem Thema digitale Transformation. Unsere Aufgabe ist es, einen Plan für eine Veranstaltung zu erstellen, die zum Ziel hat eine Diskussionsplattform zu bieten für Führungskräfte zu dem Thema Digitalisierung. Die Kernfrage der Veranstaltung ist "" Wie beeinflusst die Technologie der generativen KI ein Geschäftsmodell?"".  Lege den Fokus dabei auf informative Aspekte aber baue auch 5% der Veranstaltung ein, in der Raum für Unterhaltung und Kreativität ist.  || Die Veranstaltung soll einen Tag dauern.",3.0,40.0,44.0,120.0,43.495,3.459166667,1.7075,17.29133333,3.1645,17.1765,0.696
NBA1601,23.0,60.0,1,0,0,0,0,1,0,0,4.333333333,3.333333333,3.333333333,3.5,4.0,3.0,4.666666667,3.0,3.5,4.0,2.25,3.4,2.0,1,3.8,2.5,90.0,4,3,4,2,"Ich musste eine Kommunikationsstrategie entwickeln für eine Woche. Wichtig war, die Adressaten (Mitarbeiter, Stakeholder etc.) gut einzuholen in dieser Mail, die ich geschrieben habe.",2.6,3.75,10.0,3,4,2,2,Ich musste für ein Unternehmen eine Art Workshop vorbereiten. Das Thema um was es ging war digitale Transformation im Unternehmen,"Du hast folgende Aufgabe: Du bist Consultant im Bereich digitale Transformation und entwickelst für die Führungskraft eines Unternehmens ein Konzept für eine eintägige Veranstaltung, um die digitale Transformation zu diskutieren.  Die Zielsetzung dieser Aufgabe ist folgende : Die Führungskräfte sollen in diesem Konzept  Chancen und Risiken über ihr Unternehmen  erfahren.  Die Führungskräfte sollen inspiriert und darüber informiert werden, wie die neue Technologie der generativen KI ihr Geschäftsmodell beeinflussen kann. Die Veranstaltung soll sowohl informativ als auch unterhaltsam sein, bei der Führungskräfte etwas über die digitale Transformation erfahren und sich miteinander austauschen können.\nFolgende Fragen können dir dabei helfen : Wer ist das Zielpublikum?\nWelche Themen wären für die Führungskräfte am relevantesten und interessantesten?\nWelche Art von Erfahrung sollen die Führungskräfte machen?",1.0,118.0,118.0,118.0,57.21616667,9.6345,2.003333333,23.74466667,3.730166667,15.33466667,2.768833333
ZZEBA0308,25.0,100.0,0,1,0,0,0,1,0,0,5.0,4.666666666666667,4.333333333333333,2.5,5.0,4.0,3.6666666666666665,4.25,2.75,5.0,4.25,4.0,6.0,1,2.2,1.75,100.0,5,1,1,1,"Ich sollte eine Kommunikationsstrategie entwickeln für das Unternehmen, damit die Mitarbeiter ein besseres Verständnis über Nachhaltigkeit erhalten. Hierfür habe ich keine Hilfsmittel benutzt.",3.6,5.0,10.0,4,4,3,4,"Ich musste ein one pager erstellen für ein workshop. Hierfür hatte ich als Hilfsmittel Chatgpt und nutzte promts um einen Text zu verfassen,","Bitte hilf mir bei folgender aufgabe:\nEs ist Freitagnachmittag, die Vorgesetzte Ihres Chefs kommt auf Sie zu und fragt Sie, ob sie spontan für ein Vorstandsmeeting aushelfen können.\n\nEntwickeln Sie ein Konzept für eine denkwürdige eintägige Veranstaltung für Führungskräfte, um die digitale Transformation zu diskutieren.\n\nDie Aufgabe soll in Form eines schriftlichen One-Pagers gelöst werden.\n\nZielsetzung:\nErstellen Sie eine Veranstaltung, die sowohl informativ als auch unterhaltsam ist, bei der Führungskräfte etwas über die digitale Transformation erfahren und sich miteinander austauschen können.\nDie Teilnehmenden sollen inspiriert und darüber informiert werden, wie die neue Technologie der generativen KI ihr Geschäftsmodell beeinflusst.\nDie folgenden Fragen können helfen:\nWer ist das Zielpublikum?\nWelche Themen wären für die Führungskräfte am relevantesten und interessantesten?\nWelche Art von Erfahrung sollen die Führungskräfte machen?",1.0,116.0,116.0,116.0,21.02983333333333,4.679333333333333,1.3353333333333337,3.967666666666666,0.0536666666666666,6.123166666666666,4.870666666666667
ZZNRO406,30.0,100.0,0,1,0,0,0,1,0,0,3.333333333333333,4.666666666666667,3.333333333333333,4.0,3.6666666666666665,4.666666666666667,3.6666666666666665,3.0,3.25,3.75,3.25,4.0,4.0,1,2.4,3.5,75.0,2,4,4,3,"Ich musste bei der Gestaltung eines Vorstandstreffens unterstützen und einen Plan entwickeln. Digitale Transformation war das Thema und zur Hilfe standen mit Informationen zum Thema und zusätzliche Frage, die ich mir stellen konnte/sollte.",3.8,4.0,10.0,2,4,2,3,"Mir stand ein generatives Textprogramm zur Verfügung, um einen Plan zu entwickeln. Es ging darum in einem einwöchigen Programm Nachhaltigkeit in der Firma zu besprechen und zu kommunizieren.","Moin, du sollst mir bitte freundlich aber seriös zur Seite stehen, während ich versuche, eine Aufgabe für die Arbeit zu lösen || Wir brauchen einen schriftlichen One-Pager für ein Vorstandsmeeting || Schreibe mir einen One Pager zum Thema: umfassende, einwöchige Kommunikationsstrategie zur Einführung von Nachhaltigkeit als Kernwert",3.0,15.0,21.0,45.0,29.11116666666667,4.026833333333333,1.1076666666666666,9.116833333333334,4.5355,6.9505,3.373833333333333
ZZNWA1604,32.0,100.0,1,0,1,0,0,0,0,0,4.5,4.333333333333333,4.0,3.5,3.333333333333333,3.333333333333333,2.6666666666666665,3.0,3.75,3.75,3.0,3.6,1.0,0,3.8,2.25,100.0,5,5,3,2,In der vorherigen Aufgabe musste ich ein Konzept zur Nachhaltigkeit im Unternehmen erstellen. Dies sollte in einem Meeting vorgestellt werden und auf einige Fragen eingegangen werden. Als Hilfsmittel wurden mir Ziele und Fragen zur Verfügung gestellt.,4.0,4.5,10.0,3,4,5,4,Ich habe mithilfe von ChatGPT eine Präsentation erstellen müssen. ChatGPT hat mir geholfen die Präsentation a) zu erstellen und b) in die gewünschte Richtung zu leiten.,"Ich benötige einen One-Pager zum Thema digitale Transformation. Kannst du mir helfen? || Bitte passe die Präsentation so an, dass sie folgende Zielsetzung umfasst:\n1. Erstellen Sie eine Veranstaltung, die sowohl informativ als auch unterhaltsam ist, bei der Führungskräfte etwas über die digitale Transformation erfahren und sich miteinander austauschen können.\n2. Die Teilnehmenden sollen inspiriert und darüber informiert werden, wie die neue Technologie der generativen KI ihr Geschäftsmodell beeinflusst.\n\nFolgende Fragen müssen geklärt werden:\nWer ist das Zielpublikum?\nWelche Themen wären für die Führungskräfte am relevantesten und interessantesten?\nWelche Art von Erfahrung sollen die Führungskräfte machen?",2.0,44.5,12.0,89.0,34.89516666666667,4.1405,1.2511666666666663,14.063666666666668,5.800666666666667,9.554333333333334,0.0848333333333333
ZZALA3008,29.0,100.0,0,1,0,0,1,0,0,0,3.6666666666666665,4.0,3.333333333333333,3.5,3.6666666666666665,2.6666666666666665,3.6666666666666665,3.0,3.25,3.25,2.75,3.2,5.0,0,3.6,3.75,80.0,4,3,4,2,"Ich wurde gefragt ob ich spontan Zeit habe, für ein Vorstandsmeeting auszuhelfen. Ich sollte eine umfassende, einwöchige Kommunikationsstrategie zur Einführung von Nachhaltigkeit als Kernwert im gesamten Unternehmen, planen.
Mit 12 Minuten Zeitdruck und ohne Hilfsmittel.",3.6,4.25,50.0,4,4,3,4,"Ich wurde gefragt, ob ich spontan bei einem Vorstandsmeeting aushelfen könnte. Ein Konzept für eine eintägige Veranstaltung für Führungskräfte wurde angefragt. 12 Minuten Zeitlimit und eine KI standen mir zu Verfügung.","Hilf mir, ein Konzept für eine denkwürdige eintägige Veranstaltung für Führungskräfte, um die digitale Transformation zu diskutieren, zu machen. || Die Aufgabe soll in Form eines schriftlichen One-Pagers gelöst werden. || Entwickeln Sie ein Konzept für eine denkwürdige eintägige Veranstaltung für Führungskräfte, um die digitale Transformation zu diskutieren.\n\nDie Aufgabe soll in Form eines schriftlichen One-Pagers gelöst werden.\n\nSie haben 12 Minuten Zeit.\n\nZielsetzung:\nErstellen Sie eine Veranstaltung, die sowohl informativ als auch unterhaltsam ist, bei der Führungskräfte etwas über die digitale Transformation erfahren und sich miteinander austauschen können.\nDie Teilnehmenden sollen inspiriert und darüber informiert werden, wie die neue Technologie der generativen KI ihr Geschäftsmodell beeinflusst.\nDie folgenden Fragen können helfen:\nWer ist das Zielpublikum?\nWelche Themen wären für die Führungskräfte am relevantesten und interessantesten?\nWelche Art von Erfahrung sollen die Führungskräfte machen?",3.0,41.0,19.0,123.0,32.21183333333333,5.1146666666666665,1.409166666666667,8.749833333333333,1.2738333333333334,7.944333333333334,7.72
ZZUVI2004,30.0,100.0,1,0,0,0,0,0,1,0,4.333333333333333,4.166666666666667,4.333333333333333,5.0,4.0,3.333333333333333,5.0,3.5,3.0,4.0,3.5,4.0,5.0,0,4.4,4.0,50.0,3,4,3,4,"organisierte eine Vorstandssitzung über nachhaltigkeit, ihre Entwicklung und die Praktiken, die übernommen werden können.",4.6,5.0,60.0,4,5,4,3,Organisirien innerhalb eines zeitrahmens von 12 minuten ein meeting über den Einsatz von KI-Modellen in geschäftslösungen.,0,0.0,0.0,0.0,0.0,21.43383333333333,2.4136666666666664,0.8635,11.249666666666666,0.3365,3.4285,3.1420000000000003
ZZAUL2008,22.0,23.0,1,0,0,0,1,0,0,0,5.0,5.0,5.0,4.5,3.6666666666666665,2.6666666666666665,4.666666666666667,3.75,4.5,4.5,2.5,3.8,2.0,1,1.8,1.0,100.0,1,4,4,1,"Ich musste ein einwöchiges Kommunikationskonzept für ""meine Firma"" schreiben, welches Nachhaltigkeit als Kernpunkt beinhaltet. Dieses Konzept sollte soweit ausgefeilt sein, dass ich es jetzt in einem Vorstandsmeeting mit den anderen Vorständen präsentieren kann.",5.0,5.0,0.0,1,2,4,3,"Ich sollte eine Veranstaltung für Führungskräfte planen.
Diese Veranstaltung sollte unvergesslich sein.
Bei der Veranstaltung sollte die Digitalisierung besprochen werden.","Ich brauche unterstützung beim Verfassen eines One-Pagers. In diesem soll ein Konzept vorgestellt werden. Dieses Konzept stellt eine denkwürdige Veranstaltung für Führungskräfte vor, um die digitale Transformation zu diskutieren.\n\nWie schreibt man so einen One-Pager und was schreibe ich da rein?\n\nDas hier sind hinweise:\nZielsetzung:\n\n    Erstellen Sie eine Veranstaltung, die sowohl informativ als auch unterhaltsam ist, bei der Führungskräfte etwas über die digitale Transformation erfahren und sich miteinander austauschen können.\n\n    Die Teilnehmenden sollen inspiriert und darüber informiert werden, wie die neue Technologie der generativen KI ihr Geschäftsmodell beeinflusst.\n\nDie folgenden Fragen können helfen:\n\n    Wer ist das Zielpublikum?\n\n    Welche Themen wären für die Führungskräfte am relevantesten und interessantesten?\n\n    Welche Art von Erfahrung sollen die Führungskräfte machen?",1.0,112.0,112.0,112.0,32.611666666666665,5.902833333333334,1.1608333333333334,10.621666666666666,4.2335,9.972166666666668,0.7206666666666667
ZZRHA2012,26.0,10.0,0,1,0,0,0,1,0,0,5.0,4.0,3.0,2.5,4.0,2.6666666666666665,3.6666666666666665,3.75,3.0,3.75,2.75,3.4,4.0,1,3.2,3.5,100.0,4,5,5,4,"ich sollte eine Veranstaltung für Führungskräfte eines Untenehmens entwerfen, die über den Einsatz von KI informiert. Über Einsätze von Hilfmitteln war ich mir nicht bewusst und daher habe ich auch keine verwendet.",4.6,5.0,20.0,3,3,4,4,0,0,0.0,0.0,0.0,0.0,19.17716666666667,2.8136666666666668,1.0935,8.2955,3.5176666666666665,2.0268333333333333,1.43
ZZUWA3006,71.0,0.0,0,1,0,0,0,0,1,0,2.5,3.333333333333333,2.6666666666666665,2.5,3.6666666666666665,2.0,3.6666666666666665,2.75,2.25,3.25,2.5,3.6,4.0,1,1.6,1.0,90.0,3,3,3,2,Ich habe keine Hilfsmittel verwendet sondern mit einer gewissen Hoffnung das Richtige verstanden zu haben umgesetzt. Veranstaltungspläne kennt man aber den Inhalt habe ich etwas allgemein gehalten da ich nicht wusste was man unter einer Transformation meinte.,3.4,3.75,40.0,2,3,4,2,Ein Wochenplan erstellen mit Hilfe eines GPT. Ist allgemein gelungen wenngleich noch etwas oberflächlich aber wichtige Anhaltspunkte waren dabei.,Du bist mein Assistent für die Organisation einer einwöchigen Kommunikationsstrategie.  || Die Kommunikationsziele sind Verkauf und Marketing. Zeige eine statistische Ausarbeitung der letzten 6 Monate in Form von Graphiken || Sonntag Aufgabe 9. Die Zielgruppe sind  Stakeholder. Mit welchen Mitteln kann diese Gruppe erreichen. Wie sehen die Interessen aus? || Schritt 5   Effektivität von Kommunikationen. Was ist da am wichtigsten? || 3. Die Botschaft soll eindrucksvoll und prägnant sein und direkt auf das Zielpublikum zugeschschnitten.,5.0,14.2,10.0,71.0,92.42283333333332,8.568833333333334,2.0045,20.6165,16.438166666666667,37.26083333333334,7.534000000000001
ZZAOT0412,63.0,30.0,0,1,1,0,0,0,0,0,1.8333333333333333,1.8333333333333333,1.3333333333333333,1.0,1.3333333333333333,5.0,3.6666666666666665,3.5,1.75,3.5,3.25,3.2,3.0,0,3.2,3.0,40.0,3,2,3,2,"Ich sollte eine Vorstandssitzung organisieren, bei der die Beteiligten etwas lernen können",2.8,3.0,40.0,3,3,3,2,"Ich sollte dafür sorgen, dass das Unternehmen bzw. der Vorstand sich für Nachhaltigkeit einsetzt, also darüber nachdenkt, wie man besser nachhaltig arbeiten und handeln kann, auch in Bezug auf die Mitarbeiter.",0,0.0,0.0,0.0,0.0,20.783,3.4680000000000004,1.349,4.955166666666667,3.482333333333333,3.768,3.7605
ZZNBI2609,34.0,100.0,1,0,1,0,0,0,0,0,4.166666666666667,4.0,3.333333333333333,3.5,4.0,4.333333333333333,2.0,2.75,2.5,3.75,2.0,3.4,5.0,0,4.4,1.5,100.0,3,3,3,2,Ein Konzept zur vermittlung zum Thema Nachhaltigkeit entwickeln. Sowohl für die Mitarbeiter als auch die shareholder und die Öffentlichkeit,3.8,4.0,0.0,2,4,2,5,"Einen ganztägigen ""Workshop"" für Führungskräfte entwickeln. Mit der Unterstützung von Chatgpt","Entwickel ein Konzept für eine eintägige Veranstaltung für Führungskräfte um die digitale Transformation zu diskutieren || Die Teilnehmenden sollen inspiriert und darüber informiert werden, wie die neue Technologie der generativen KI ihr Geschäftsmodell beeinflusst.",2.0,16.5,15.0,33.0,74.5685,19.973000000000003,3.2798333333333334,21.5375,12.334166666666668,15.362166666666669,2.081833333333333
ZZUST0208,30.0,100.0,1,0,0,0,0,0,1,0,3.1666666666666665,3.0,3.333333333333333,2.0,4.666666666666667,2.6666666666666665,3.333333333333333,3.25,3.75,4.25,1.75,4.2,1.0,0,3.2,2.0,100.0,5,5,4,1,"Es standen keine Hilfmittel zur Verfügung.
Ich sollte in 12 min eine Strategie zu Einführung von Nachhaltigkeit im Rahmen einer ein wöchigen Kommunikationsphase im Unternehmen für die Geschäftsführung erstellen.",1.8,5.0,0.0,1,1,3,4,"Wieder hatte ich 12 min Zeit.
Dieses mal sollte ein 1-tägiges Meeting der Führungskräfte zum Austausch und Kennenlernen über und von KI-Technologie vorbereitet werden.","Mir wurde folgende Aufgabe gestellt, was meinst du dazu? || Entwickeln Sie ein Konzept für eine denkwürdige eintägige Veranstaltung für Führungskräfte, um die digitale Transformation zu diskutieren. || Erstellen Sie eine Veranstaltung, die sowohl informativ als auch unterhaltsam ist, bei der Führungskräfte etwas über die digitale Transformation erfahren und sich miteinander austauschen können.\nDie Teilnehmenden sollen inspiriert und darüber informiert werden, wie die neue Technologie der generativen KI ihr Geschäftsmodell beeinflusst.",3.0,22.666666666666668,9.0,68.0,42.800666666666665,9.967833333333337,1.049,16.940166666666666,5.722,8.7535,0.3681666666666666
ZZELU0612,42.0,0.0,0,1,0,1,0,0,0,0,4.0,3.0,3.0,3.0,3.6666666666666665,3.6666666666666665,2.6666666666666665,3.0,3.5,3.25,2.5,4.0,5.0,0,2.6,1.75,20.0,2,2,2,2,Eine einwöchige Kommunikationsstrategie zum Thema Nachhaltigkeit im Unternehmen entwickeln.,4.0,4.75,40.0,3,4,4,4,Mit Hilf von ChatGPT eine Veranstaltung für Führungskräfte organisieren.,"Ich soll eine 1 tägige Veranstaltung organisieren, bei der Führungskräfte die digitale Transformation diskutieren sollen. Die Teilnehmer sollen dabei sowohl informiert werden als auch selbst diskutieren und Ideen entwickeln können. Der Schwerpunkt sollte sein, wie neue Technologien der generativen KI ihr Geschäftsmodell beeinflussen kann. Erstelle mir bitte ein One Paper.",1.0,50.0,50.0,50.0,20.969833333333334,2.7536666666666667,0.8818333333333332,5.304166666666666,2.392333333333333,6.66,2.9778333333333333
ZZUFL0505,25.0,50.0,1,0,0,0,1,0,0,0,4.666666666666667,3.6666666666666665,3.333333333333333,1.5,4.333333333333333,3.0,4.0,4.0,3.25,3.5,4.0,3.8,7.0,0,3.6,2.25,80.0,2,4,3,2,Ich wurde zu einem Vorstandsmeeting geben und sollte eine kleine Präsentation halten über digitale Transformation bzw. Künstliche Intelligenz im Unternehmen. Dafür wurden mir Fragestellungen bereitgestellt an denen ich mich orientieren konnte.,2.6,4.75,20.0,1,5,4,4,"Ich wurde gebeten von der Vorgesetzten meines Chefs eine Art ""Vorstandsmeeting"" zu organisieren in dem es über die Nachhaltigkeit in unserem Unternehmen geht. Dafür sollte ich eine Art kurze Präsentation mit Text vorbereiten. Hilfsmittel waren Fragestellungen an denen ich mich orientieren konnte und ein ChatBot , den ich fragen stellen konnte und der mir gute Antworten gegeben hat.","Welche verschiedenen Arten von Nachhaltigkeit gibt es in Unternehmen? || Kannst du mir einen kleinen Absatz schreiben mit den Punkten 1,2,3,5 ,7 in kurz und knapp. Ich möchte in dem Absatz darauf betonen aus der Erzähl Perspektive wie die Firma ""ABC"" mit Nachhaltigkeit in Ihrem Unternehmen vorgeht, || Füge zu dem Absatz hinzu, wie die Mitarbeiter davon profitieren und welche Ziele verfolgt werden mit dem Strategien.  || Zähl die Punkte nicht auf mit ""erstens"", ""zweitens"" sondern füge lieber zwischen den einzelnen Punkten schöne Überleitungen hinzu || Gebe mir einen kurzen Satz mit ""Abschließend kann man sagen...""",5.0,18.4,9.0,92.0,43.739333333333335,5.0565,1.3926666666666667,15.871666666666666,0.2083333333333333,14.948166666666667,6.2620000000000005
ZZEDR2902,24.0,100.0,1,0,0,0,0,1,0,0,3.333333333333333,3.6666666666666665,4.0,1.5,4.333333333333333,3.333333333333333,4.0,3.5,4.0,3.25,4.25,3.2,2.0,1,2.6,2.25,100.0,3,3,4,2,"Ich musste eine Kommunikationsstrategie zum Thema Nachhaltigkeit erarbeiten. Hilfsmittel standen mir theoretisch alle zur Verfügung (Search Browser, KI, etc.), bearbeitet wurde die Aufgabe jedoch ohne diese. Das Ziel war es das Thema Nachhaltigkeit im Unternehmen zu stärken und den Leuten näher zu bringen, mit verschiedenen Schlüssel Fragen im Zentrum.",2.0,1.25,5.0,1,2,3,5,"Die Aufgabe war ähnlich wie die vorherige, nur diesmal wurde es mit der Unterstützung einer KI angeboten. Das heißt letzendlich habe ich die Aufgabe nur an das entsprechende Tool weitergeben und es möglichst akkurat beschrieben und ein gutes Resultat auf die Aufgabe zu erhalten.","Du bist ein Angestellter in einem Unternehmen und dein Chef möchte einen One-Pager zum Thema Nachhaltigkeit mit den folgenden Rahmenbedingungen: Zielsetzung:\nErstellen Sie eine Veranstaltung, die sowohl informativ als auch unterhaltsam ist, bei der Führungskräfte etwas über die digitale Transformation erfahren und sich miteinander austauschen können.\nDie Teilnehmenden sollen inspiriert und darüber informiert werden, wie die neue Technologie der generativen KI ihr Geschäftsmodell beeinflusst.\nDie folgenden Fragen können helfen:\nWer ist das Zielpublikum?\nWelche Themen wären für die Führungskräfte am relevantesten und interessantesten?\nWelche Art von Erfahrung sollen die Führungskräfte machen?",1.0,85.0,85.0,85.0,34.89633333333334,6.2895,1.1785,10.8255,6.414166666666668,5.4375,4.751166666666666
ZZEAN0306,29.0,100.0,1,0,0,0,0,0,1,0,3.6666666666666665,3.6666666666666665,4.333333333333333,3.0,4.0,3.333333333333333,4.333333333333333,3.5,3.75,4.25,3.0,3.6,1.0,0,3.6,3.75,55.0,2,4,3,2,"Ich habe den Zeitplan geplant. Ich habe die Themen vorbereitet, auf die man sich jeden Tag konzentrieren sollte, um die Aufgabe erfolgreich zu erledigen.",3.2,4.75,30.0,3,5,4,3,"Mit Hilfe der KI konnte ich einen besseren Zeitplan erstellen. Die Entscheidung, ihn zu ändern und zu verbessern, lag in meiner Hand","Kannst du für mich ein Konzept für ene denkwürdige eintätige Veranstaltung für Führungskräfte. Das soll auch antworten für die Kommende Fragen. \n\nWer ist das Zielpublikum?\nWelche Themen wären für die Führungskräfte am relevantesten und interessantesten?\nWelche Art von Erfahrung sollen die Führungskräfte machen? || Das soll auch so sein.\n\nErstellen Sie eine Veranstaltung, die sowohl informativ als auch unterhaltsam ist, bei der Führungskräfte etwas über die digitale Transformation erfahren und sich miteinander austauschen können.\nDie Teilnehmenden sollen inspiriert und darüber informiert werden, wie die neue Technologie der generativen KI ihr Geschäftsmodell beeinflusst.\n\nkannst du nochmal organizieren?",2.0,45.0,41.0,90.0,44.798,4.983333333333333,3.7485,15.215166666666669,6.1925,9.434,5.224500000000001
ZZAFE1203,37.0,100.0,1,0,0,0,0,0,1,0,2.6666666666666665,4.0,5.0,2.0,3.0,3.6666666666666665,4.0,3.0,2.75,3.5,3.5,4.0,8.0,1,3.6,1.0,98.0,1,4,4,4,"Es gab keine Hilfsmittel, außer einer Text-Anleitung zur Aufgabenstellung mit ein paar Tips. Aufgabe war es, ein eintägiges Seminar zu konzipieren, bei dem Führungskräfte sich zum Thema Digitalisierung austauschen können. Das soll in einem one-pager münden und das Konzept soll zum Gedankenaustausch anregen, aber auch unterhaltsam sein.",4.2,4.25,20.0,2,3,3,4,"Hilfsmittel zur Aufgabe war eine Web-API-Applikation via gradio.io, die mit einem generativen Text-KI-System verbunden war, angeblich Chat-GPT. Die Aufgabe war es, sich in eine fiktive Situation hineinzuversetzen und einen einwöchigen Plan und Kommunikationsstrategie zu entwickeln, um in einem großen Unternehmen Nachhaltigkeit als Kernwert einzuführen. Hierbei war es wichtig, dass konkrete Maßnahmen vorgeschlagen werden sollen, die in allen Abteilungen und Betrieben durchgeführt werden können und dass das Ergebnis ein ""one-pager"" sein soll.","Verfassen einer einwöchigen Kommunikationsstrategie, die nicht mehr als eine A4 Seite lang sein soll, um in einem großen Unternehmen Nachhaltigkeit als neuen Kernwert der Unternehmensphilosophie einzuführen. || Verfassen einer einwöchigen Kommunikationsstrategie, die nicht mehr als eine A4 Seite lang sein soll, um in einem großen Unternehmen Nachhaltigkeit als neuen Kernwert der Unternehmensphilosophie einzuführen. || Verfassen einer einwöchigen Kommunikationsstrategie, die nicht mehr als eine A4 Seite lang sein soll, um in einem großen Unternehmen Nachhaltigkeit als neuen Kernwert der Unternehmensphilosophie einzuführen. Du bist ein inspirierender und tatkräftiger CEO, der den Mitarbeitern vermitteln möchte, wie wichtig das Engagement des gesamten Unternehmens im Bereich Nachhaltigkeit für sie selber, aber auch für die Stakeholder und Öffentlichkeit ist. Die Mitarbeiter sollen eine positive Erfahrung machen. Die tatsächlichen Veränderungen sollen mit konkreten Maßnahmen und Initiativen in allen Abteilungen und Betrieben umgesetzt werden.",3.0,44.66666666666666,26.0,134.0,57.395,5.158166666666667,1.0595,24.528,4.463666666666667,16.868333333333332,5.317333333333334
ZZIWA2610,26.0,90.0,1,0,1,0,0,0,0,0,2.6666666666666665,2.6666666666666665,3.0,1.0,4.333333333333333,2.333333333333333,4.333333333333333,3.5,2.75,3.0,3.5,2.8,7.0,0,2.8,1.5,90.0,1,3,4,2,"Ein Konzept für eine eintägige Veranstaltung für Führungskräfte entwickeln. Thema der Veranstaltung war ""Digitale Transformation""",2.4,4.75,5.0,1,4,3,4,Eine 1-wöchige Kommunikationsstrategie entwickeln. Ein KI-Chatbot stand als Hilfsmittel zur Verfügung.,"Entwickeln Sie eine umfassende, einwöchige Kommunikationsstrategie zur Einführung von Nachhaltigkeit als Kernwert im gesamten Unternehmen. || Die Kommunikationsstrategie sollte diese Zielsetzung berücksichtigen \nDas Engagement des Unternehmens für Nachhaltigkeit gegenüber allen Mitarbeitenden, Stakeholdern und der Öffentlichkeit soll klar zum Ausdruck bringen.\nDie Strategie soll zu einem tieferen Verständnisses von Nachhaltigkeit und ihrer Bedeutung bei den Mitarbeitern beitragen.\nDie Umsetzung der Nachhaltigkeitsprinzipien soll in konkrete Maßnahmen und Initiativen in allen Abteilungen und Betrieben umgesetzt werden können. || In der Kommunikationsstrategie sollte folgende Fragen ebenfalls berücksichtigt und beantwortet werden:\nWelche Ziele werden mit der Strategie verfolgt?\nWer ist das Zielpublikum?\nWelche Themen wären für die Mitarbeitenden am relevantesten und interessantesten?\nWelche Art von Erfahrung sollen die Mitarbeitenden machen?",3.0,35.666666666666664,15.0,107.0,39.8705,4.442833333333334,1.1683333333333332,20.4695,0.1413333333333333,7.958666666666667,5.6898333333333335
ZZEFO1204,58.0,80.0,1,0,0,0,0,0,1,0,4.833333333333333,4.166666666666667,2.6666666666666665,3.5,4.666666666666667,2.333333333333333,4.0,3.5,3.5,4.0,3.75,4.2,8.0,1,4.4,4.0,100.0,4,5,4,4,Ich habe der KI detailierte Anweisungen erteilt Aufgaben für mich zu erledigen. Struktur und Stichpunkte der Aufgabe waren sehr hilfreich dabei.,4.8,4.75,90.0,4,5,4,4,Ich habe der KI Anweisungen gegen mir einen bestimmten Bericht auszuarbeiten. In Stichpunkten konnte ich zuarbeiten.,0,0.0,0.0,0.0,0.0,32.1525,6.934,1.328,4.6285,4.5235,9.728833333333334,5.009666666666666
ZZIBO2610,23.0,16.0,1,0,0,0,1,0,0,0,3.1666666666666665,4.166666666666667,3.333333333333333,3.0,2.333333333333333,3.0,3.0,2.75,2.5,3.75,2.5,3.8,6.0,1,4.6,2.0,90.0,5,5,4,2,"Ich sollte eine einwöchige Kommunikationsstrategie zur Einführung von Nachhaltigkeit im Unternhemen verfassen. Dabei sollte das Engagement des Unternehmens für die Nachhaltigkeit gegenüber allen Mitarbeitern, der Öffentlichkeit und den Stakeholdern zum Ausdruck gebrahct werden.",3.8,4.25,20.0,3,4,4,4,"Man musste mit chatGPT einen One-Pager für die Führungskräfte seines Unternehmens verfassen über die generative KI und ihre Vorteile. Dabei stand im Vordergrund dies möglichst informativ, aber auch inspirierend zu gestalten.","Hilf mir dabei einen infomativen sowie unterhaltsamen One-Pager zu verfassen, der Führungskräfte inspirieren und informieren soll, wie die neue Technologie der generativen KI ihr Geschäftsmodell beeinflusst. ",1.0,26.0,26.0,26.0,48.80766666666667,6.348666666666667,1.3246666666666669,19.024166666666662,4.173166666666666,11.3475,6.5895
ZZAKO1412,33.0,100.0,1,0,0,0,0,0,1,0,4.0,3.6666666666666665,2.6666666666666665,2.0,4.333333333333333,2.6666666666666665,5.0,2.5,4.25,4.0,2.25,4.0,5.0,0,2.6,2.0,100.0,5,5,4,1,Ich musste eine Nachhaltigkeitskommunikation entwerfen und hatte hierfür diverse Fragestellungen an denen ich mich orientieren konnte. Hierdurch sind mir sehr schnell viele Ideen gekommen.,3.8,4.0,5.0,2,3,4,4,"Ich musste ein Vorstandsmeeting vorbereiten. Dafür habe ich exakt die Aufgabe an ChatGPT weitergegeben, da meiner Meinung nach alle relevanten Informationen bereits vorhanden waren.",0,0.0,0.0,0.0,0.0,18.111,2.8235,0.5856666666666667,7.666666666666667,1.6733333333333331,3.1391666666666667,2.222666666666667
ZZADE1405,28.0,50.0,0,1,0,0,0,0,1,0,3.6666666666666665,3.6666666666666665,3.333333333333333,3.5,3.6666666666666665,4.333333333333333,2.333333333333333,3.25,2.5,4.5,3.5,3.6,8.0,1,3.0,3.0,50.0,2,2,3,1,"Ziel war es, eine Veranstaltung für Führungskräfte zu organisieren. Es war notwendig, eine Diskussion über KI zu organisieren.",3.4,3.75,50.0,2,3,1,1,"Ich musste eine Studie über Unternehmensstrategie vorbereiten, die viele Dinge enthalten musste. Zum Beispiel die Zufriedenheit der Mitarbeiter.",0,0.0,0.0,0.0,0.0,33.83716666666667,5.656000000000001,2.208,4.9735000000000005,4.148833333333333,13.988833333333334,2.862
ZZDSC0806,28.0,100.0,1,0,0,0,1,0,0,0,4.333333333333333,4.666666666666667,3.6666666666666665,3.5,3.6666666666666665,2.6666666666666665,5.0,3.75,3.25,3.25,3.5,4.2,3.0,0,2.4,2.75,100.0,5,5,4,2,"Ich musste eine Veranstaltung für Führungskräfte zusammenstellen, wo es um die digitale Transformation geht (was auch KI beeinhalten kann). Spezielle Hilfsmittel hatte ich keine, es standen ""lediglich"" die Vorgabe und drei Beispielfragen zur Verfügung, an denen ich mich orientieren konnte / musste. Da dort stand dass ich nur 12 Minuten Zeit habe und kein Timer zur Verfügung stand, habe ich mich sofort auf das Wesentliche konzentriert und abgeschickt, als ich denn Eindruck hatte die Aufgabe zufriedenstellend innerhalb des Zeitlimits bearbeitet zu haben.",4.4,3.0,70.0,4,5,4,2,"Mir stand ChatGPT zur Verfügung und ich musste eine einwöchige Kommunikationsstrategie zu Nachhaltigkeit im Unternehmen ausarbeiten. Mir standen wie davor auch zusätzliche Informationen wie drei Beispielfragen und Anweisungen zur Verfügung. Um die Aufgabe zielgerichteter bearbeiten zu können, habe ich die Anweisungen auch mit ChatGPT geteilt, allerdings war es dennoch herausfordernd passende Teile für diese Aufgabe herauszuarbeiten (weil ChatGPT standardmäßig so viel schreibt und eher allgemein bleibt).","Hi ChatGPT. Meine Vorgesetzte hat mich spontan gebeten dass ich bei einem Vorstandsmeeting aushelfen soll. Konkret geht es um eine einwöchige Kommunikationsstrategie zur Einführung von Nachhaltigkeit als Kernwert im gesamten Unternehmen, welche ich auf einer Seite zusammenfassen und erstellen soll. Berücksichtigt werden sollen auch folgende Punkte:\n1. Das Engagement des Unternehmens für Nachhaltigkeit gegenüber allen Mitarbeitenden, Stakeholdern und der Öffentlichkeit soll klar zum Ausdruck bringen.\n2. Die Strategie soll zu einem tieferen Verständnisses von Nachhaltigkeit und ihrer Bedeutung bei den Mitarbeitern beitragen.\n3. Die Umsetzung der Nachhaltigkeitsprinzipien soll in konkrete Maßnahmen und Initiativen in allen Abteilungen und Betrieben umgesetzt werden können. || Inwiefern würdest du diesen Plan überarbeiten, wenn du folgende Fragen beachten musst?\nFragen:\nWelche Ziele werden mit der Strategie verfolgt?\nWer ist das Zielpublikum?\nWelche Themen wären für die Mitarbeitenden am relevantesten und interessantesten?\nWelche Art von Erfahrung sollen die Mitarbeitenden machen? || Kannst du deine Schritte auch hierzu erläutern? ""Die Umsetzung der Nachhaltigkeitsprinzipien soll in konkrete Maßnahmen und Initiativen in allen Abteilungen und Betrieben umgesetzt werden können.""",3.0,53.333333333333336,98.0,160.0,54.33683333333333,4.432833333333334,1.223666666666667,11.844666666666663,8.866000000000001,18.192833333333333,9.776833333333334
ZZEDH1501,38.0,100.0,1,0,0,0,0,0,1,0,4.333333333333333,3.8333333333333335,3.333333333333333,3.0,4.333333333333333,1.6666666666666667,4.0,2.75,2.25,4.0,2.25,3.4,5.0,0,1.0,1.0,0.0,1,1,1,1,Bei der Aufgabe ging es um Nachhaltigkeitsprinzipien. Konnte die Aufgabe jedoch nicht abschließen. Weil es keine Hilfe von Chat-GPT gab.,3.8,4.0,100.0,4,5,3,3,Ich musste mich auf eine Präsentation zur digitalen Transformation vorbereiten. Ich könnte die Unterstützung von AI Chatgpt in Anspruch nehmen,Schreiben Sie eine 10-seitige Folienpräsentation zum Thema digitale Transformation. Beschreiben Sie die Lösung für Folgendes? Die Zielgruppe sind Mitarbeiter des Unternehmens.\nWelche Themen wären für die Führungskräfte am relevantesten und interessantesten?\nWelche Art von Erfahrung sollen die Führungskräfte machen? || Beschreiben Sie die 10 Punkte genauer und fügen Sie Bilder oder Blockdiagramme hinzu.,2.0,25.0,37.0,50.0,34.48383333333334,9.568333333333332,1.9115,3.329833333333333,2.022666666666667,13.285833333333333,4.365666666666667
ZZeKa1405,37.0,100.0,0,1,0,0,0,0,0,1,3.333333333333333,3.5,2.0,2.5,3.6666666666666665,2.333333333333333,5.0,3.25,3.5,3.5,3.5,2.8,5.0,0,2.2,2.0,90.0,2,3,2,2,Erstellen eines 1-wöchigen Kommunikationsplans für die Nachhaltigkeitsstrategie eines Unternehmens,2.8,3.75,50.0,3,2,2,2,"Erstellung einer 1-Tages Veranstaltung auf Vorstands-Ebene zum Thema Artificial Intelligence. Ein Timer mit der Zeit würde helfen. Ich hatte nicht auf die Uhr geachtet und hatte daher kein Zeitgefühl, was mich gestresst hat.","How many words is roughly a one-page article?  || Generate a 500-word text about the impact of AI on business models, suitable for the executive level of a corporation.  || Who are good corporate guest speakers on the newest trends in artificial intelligence?  || Who are good corporate guest speakers on the ethics of artificial intelligence?",4.0,13.25,8.0,53.0,47.6345,3.248333333333333,1.1265,14.407666666666668,3.5031666666666665,19.8925,5.456333333333333
ZZIKO0401,29.0,100.0,0,1,0,0,0,0,1,0,3.8333333333333335,3.0,2.0,2.5,2.6666666666666665,2.333333333333333,2.6666666666666665,2.5,1.75,3.75,2.5,3.4,5.0,0,2.6,3.0,100.0,4,2,3,2,"Ich musste ein Konzept erstellen, das diesmal nicht nur für einen Tag sondern eine Woche erarbeitet werden muss. Ich hatte 12 Minuten Zeit und es ging um Nachhaltigkeit und die Verbindung und Inititative zwischen der Organisation und den Mitarbeiter:innen und Nachhaltigkeit.",3.8,4.0,20.0,4,4,4,2,"Ich musste an die Vorgesetzte meines Chefs ein Konzept erstellen, das in einem Meeting vorgestellt werden konnte. Dabei ging es um eine eintägige Veranstaltung, die ein Konzept benötigte für Führungskräfte, mit denen die digitale Transformation diskutiert und thematisch eingeführt werden sollte. Ich konnte ChatGPT als Hilfe nutzen. Ich hatte 12 Minuten Zeit dafür.","Hallo ChatGPT, ich möchte gerne für Führungskräfte eine Veranstaltung vorbereiten, die darüber aufklärt, wie man künstliche Intelligenz, wie dich zum Beispiel, einsetzen kann. Dafür benötige ich ein Konzept. Es soll für eine eintägige Veranstaltung sein und das Thema diskutiert werden. Bitte erstelle mir ein Konzept dafür.",1.0,46.0,46.0,46.0,22.4155,2.9045,1.1728333333333334,4.605333333333333,3.2023333333333333,7.781166666666667,2.7493333333333334
ZZAZW0718,31.0,100.0,1,0,0,0,0,1,0,0,4.666666666666667,4.333333333333333,3.6666666666666665,3.5,4.0,1.6666666666666667,3.0,3.5,3.75,4.25,2.75,3.4,8.0,1,2.6,2.0,100.0,5,4,4,2,Ich musste einen One Pager entwerfen. Dieser onepager war über eine Veranstaltung über die digitale Transformation im Unternehmen. Zielgruppe waren Führungskräfte und IT Verantwortliche,4.6,5.0,10.0,5,4,4,4,Ich musste einen Onepager über das Thema Nachhaltigkeit erstellen. Das ganze war für ein wirtschaftliches Unternehmen. Ich konnte dabei Chat Gpt nutzen,"Ich muss ein Kommunikations one paper erstellen für die Nachhaltigkeit im Unternehmen || Nein zur ökologischen Nachhaltigkeit, dass das Unternehmen einen Kennwert einführt, bitte beachte dass die Zielgruppe Mitarbeiter sind und wie sie diesen Kennwert beeinflussen können",2.0,18.0,12.0,36.0,35.048,4.340833333333333,1.5245,11.878666666666668,0.1853333333333333,12.804833333333333,4.313833333333333
ZZYPE1411,27.0,100.0,1,0,1,0,0,0,0,0,3.0,3.1666666666666665,3.6666666666666665,3.0,3.6666666666666665,3.333333333333333,4.333333333333333,2.75,3.5,3.75,2.5,3.2,3.0,0,3.4,2.5,90.0,4,4,4,4,"Ich wurde von dem vorgesetzten meines Chefs gefragt ob ich eine eintägige Schulung für den Vorstand organisieren könnte. Hier ging es um Themen wie Digitale Transformation und die Einsetzung von KI. Hilfsmittel standen im Text, an diesen konnte man sich orientieren.",2.2,4.5,30.0,2,4,4,2,In 12 Minuten sollte man ein einwöchiges Vorstandsmeeting planen welches sich um die Nachhaltigkeit im gesamten Unternehmen dreht. Als Hilfsmittel haben Hinweise im Text und ein Tool geholfen welches durch promts Antworten geliefert hat.,Kannst du mir eine umfassendes Vorstandsmeeting zum Thema  Kommunikationsstrategie zur Einführung von Nachhaltigkeit für ein gesamtes Unternehmen erstellen? Das Meeting soll eine Woche gehen und die Ziele sind Umsetzung von Nachhaltigkeitsprinzipien und konkrete Maßnahmen und Initativen im Betrieb. Auch ein tiefes Verständnis und die Nachhaltigkeitsstrategie soll allen erklärt werden. Zudem soll das Engagement des Unternehmens zum Thema Nachhaltigkeit klar zum Ausdruck gebracht werden || Kannst du den Plan noch ausführlicher machen? || Kannst du hier noch Zeitangaben zu den Themen schreiben?,3.0,26.33333333333333,63.0,79.0,40.746833333333335,4.051666666666667,1.7016666666666669,16.1065,5.171,9.7265,3.9895
ZZize1717,27.0,75.0,1,0,0,0,1,0,0,0,5.0,4.833333333333333,5.0,5.0,4.0,4.0,3.0,4.25,4.0,4.0,4.25,4.0,1.0,0,1.6,1.0,75.0,3,3,4,4,Ich konnte beim zweiten Teil chatgpt nutzen.,3.4,4.25,76.0,4,4,4,3,"Man durfte bei der zweiten Aufgabe chatgpt verwenden, nicht bei der Ersten.",0,0.0,0.0,0.0,0.0,17.231166666666663,2.244833333333333,2.0295,5.407666666666667,4.222333333333333,3.0926666666666667,0.2341666666666667
ZZRDO1608,28.0,100.0,1,0,1,0,0,0,0,0,4.666666666666667,4.0,4.0,4.0,5.0,2.6666666666666665,4.333333333333333,3.5,2.5,4.25,3.5,4.0,7.0,0,2.4,2.75,85.0,1,4,2,2,"Ich sollte ein Konzept entwickeln, wie Führungskräften an einem Tag die Vorteile generativer KI nähergebracht werden können. Dazu standen mir als Hilfsmittel nur einige Fragen zur Verfügung.",1.2,1.0,10.0,1,1,2,2,Mir stand zur Bearbeitung ChatGPT zur Verfügung. Ich sollte dem Vorstand ein Konzept zur Einführung von nachhaltigen Maßnahmen im Unternehmen vorstellen.,"Hilf mir bei der Erstellung einer umfassenden, einwöchigen Kommunikationsstrategie zur Einführung von Nachhaltigkeit als Kernwert im gesamten Unternehmen",1.0,18.0,18.0,18.0,23.06533333333333,3.430333333333333,1.2488333333333337,6.750333333333333,3.729666666666666,4.927333333333333,2.978833333333333
ZZEOT3110,49.0,0.0,0,1,1,0,0,0,0,0,3.1666666666666665,4.333333333333333,4.0,3.0,3.333333333333333,3.333333333333333,3.0,3.5,2.75,3.75,3.25,4.2,7.0,0,3.2,1.75,100.0,3,1,2,4,Konzept für eine eintägige Veranstaltung für Führungskräfte erstellen.,2.2,5.0,5.0,2,3,2,3,"Aufgabe war, mit Hilfe von AI (da nur 12 Min Zeit) einen einwöchigen Plan zur Einführung von mehr Nachhaltigkeit in einem Unternehmen zu erstellen.","Hilf mir beim Erstellen eines Onepagers zu dem Thema: umfassende, einwöchige Kommunikationsstrategie zur Einführung von Nachhaltigkeit als Kernwert im gesamten Unternehmen. || Bitte arbeite Unterpunkte zu folgenden Fragen (sollen als Überschrift genutzt werden) ein.Welche Ziele werden mit der Strategie verfolgt?\nWer ist das Zielpublikum?\nWelche Themen wären für die Mitarbeitenden am relevantesten und interessantesten?\nWelche Art von Erfahrung sollen die Mitarbeitenden machen?\nChatGPT-Support\n\n",2.0,29.0,21.0,58.0,38.624,3.920333333333333,1.1781666666666666,16.6795,0.2971666666666666,10.908,5.640833333333333
ZZICO1912,39.0,100.0,0,1,0,0,0,0,1,0,5.0,4.166666666666667,4.0,3.0,3.333333333333333,2.333333333333333,3.0,3.25,2.25,4.0,2.25,4.2,1.0,0,3.6,2.25,100.0,5,3,1,1,Ich musste eine einwochige Kommunikationstrategie zur Einführung von Nachhaltigkeit in das Unternehmen entwickeln. Ich hatte keine Hilfsmittel,5.0,5.0,0.0,5,5,5,5,Ich musste eine eintagige Veranstaltung für Fühurngskräfte über das Thema Technologie und KI entwickeln. Ich konnte ChatGPT nutzen,"Entwickeln Sie ein Konzept für eine denkwürdige eintägige Veranstaltung für Führungskräfte, um die digitale Transformation zu diskutieren.",1.0,17.0,17.0,17.0,38.57366666666667,5.280833333333334,1.6858333333333335,15.075666666666669,7.294166666666666,6.464833333333333,2.772333333333333
ZZTHA1907,33.0,100.0,1,0,0,0,0,1,0,0,3.6666666666666665,3.6666666666666665,3.333333333333333,3.0,3.333333333333333,2.0,3.6666666666666665,3.0,3.25,3.0,2.0,3.6,7.0,0,3.2,2.75,100.0,4,4,4,2,Ich musste eine eintägige Verantstaltung zum Thema digitale Transformation konzipieren. Diese richtete sich an Führungskräfte des Unternehmens. Mir standen hierbei keine Hilfsmittel zur Verfügung.,4.4,4.0,80.0,4,5,4,2,Ich musste eine einwöche Kommunikationsstrategie auf einem One Pager entwerfen zur Einführung von Nachhaltigkeit als Kernwert des Unternehmens und dabei verschiedene Interessen berücksichtigen. Dabei stand mir Chat GPT als Hilfsmittel zur Verfügung.,"Baue mir eine einwöchige Kommunikationsstrategie zur Einführung von Nachhaltigkeit als Kernwert meines Unternehmens || baue eine einwöchige Kommunikationsstrategie zur Einführung von Nachhaltigkeit als Kernwert und achte dabei insbesondere auf die Ziele der Strategie, das Zielpublikum, relevante Themen für Mitarbeitende sowie die Erfahrung, welche Mitarbeitende machen sollen",2.0,22.5,13.0,45.0,23.8005,2.5236666666666663,0.7108333333333333,6.424833333333334,2.568166666666667,8.232166666666666,3.3408333333333333
ZZAMA0101,53.0,80.0,1,0,0,0,0,0,1,0,4.5,4.0,4.333333333333333,4.0,4.333333333333333,3.6666666666666665,3.0,2.5,3.5,3.5,3.0,3.8,6.0,1,5.0,2.5,100.0,5,5,3,2,"Ich musste ein einwöchigen Kommunikatiionsstrategie zur Einführung von Nachhaltigkeit als Kernwert im Unternehmen einwickeln.
Ich dürte dabei keine hilfsmittel benutzen.",4.2,4.0,20.0,3,3,4,4,"Ich musste ein Konzept entwickeln für eine denkwürdige eintägige Veranstaltung für Führungskräfte, um die digitale Transformation zu diskutieren.
Ich dürfte dabei ChatGPT benutzen.","Ich habe den Auftrag bekommen bei ein Vorstandsmeeting aushelfen könnte. Entwickeln Sie ein Konzept für eine denkwürdige eintägige Veranstaltung für Führungskräfte, um die digitale Transformation zu diskutieren.\nHier ist der Email den ich bekommen habe wo die aufgabe steht, damit du mehr informationen hast: ""Bitte lösen Sie die folgende Aufgabe\nEs ist Freitagnachmittag, die Vorgesetzte Ihres Chefs kommt auf Sie zu und fragt Sie, ob sie spontan für ein Vorstandsmeeting aushelfen können.\n\nEntwickeln Sie ein Konzept für eine denkwürdige eintägige Veranstaltung für Führungskräfte, um die digitale Transformation zu diskutieren.\n\nDie Aufgabe soll in Form eines schriftlichen One-Pagers gelöst werden.\n\nSie haben 12 Minuten Zeit.\n\nZielsetzung:\nErstellen Sie eine Veranstaltung, die sowohl informativ als auch unterhaltsam ist, bei der Führungskräfte etwas über die digitale Transformation erfahren und sich miteinander austauschen können.\nDie Teilnehmenden sollen inspiriert und darüber informiert werden, wie die neue Technologie der generativen KI ihr Geschäftsmodell beeinflusst.\nDie folgenden Fragen können helfen:\nWer ist das Zielpublikum?\nWelche Themen wären für die Führungskräfte am relevantesten und interessantesten?\nWelche Art von Erfahrung sollen die Führungskräfte machen?""",1.0,163.0,163.0,163.0,33.733,2.9661666666666666,1.0468333333333333,8.963166666666666,4.847166666666666,10.972166666666668,4.9375
ZZESA3011,30.0,25.0,1,0,0,0,1,0,0,0,4.166666666666667,4.333333333333333,3.0,4.5,4.0,3.6666666666666665,3.6666666666666665,4.25,3.0,4.25,2.0,3.8,8.0,1,2.8,1.0,100.0,1,3,2,2,Ich musste ein Event zum Thema Digitale Transformation planen. Ich hatte ein paar Vorgaben und Fragestellungen. Ich hatte (leider) kein ChatGPT.,3.2,5.0,20.0,3,4,4,4,Ich musste einen One-pager für einen Unternehmen verfassen. Dabei hatte ich Inhaltliche Vorgaben und Fragestellungen. Ich hatte ChatGPT als Hilfe.,"Entwickle einen One-Pager der eine umfassende, einwöchige Kommunikationsstrategie zur Einführung von Nachhaltigkeit als Kernwert darstellt. Dabei sollen folgende 3 Ziele deutlich werden: 1. Das Engagement des Unternehmens für Nachhaltigkeit gegenüber allen Mitarbeitenden, Stakeholdern und der Öffentlichkeit soll klar zum Ausdruck bringen. 2. Die Strategie soll zu einem tieferen Verständnisses von Nachhaltigkeit und ihrer Bedeutung bei den Mitarbeitern beitragen. 3. Die Umsetzung der Nachhaltigkeitsprinzipien soll in konkrete Maßnahmen und Initiativen in allen Abteilungen und Betrieben umgesetzt werden können. Berücksichtige auch die folgenden Fragestellungen: Welche Ziele werden mit der Strategie verfolgt? Wer ist das Zielpublikum? Welche Themen wären für die Mitarbeitenden am relevantesten und interessantesten? Welche Art von Erfahrung sollen die Mitarbeitenden machen?\n",1.0,111.0,111.0,111.0,38.98016666666667,4.645,1.457,12.879666666666669,4.351333333333333,11.073,4.574166666666667
ZZEFR1909,30.0,50.0,1,0,0,0,1,0,0,0,2.333333333333333,3.0,3.0,3.5,2.6666666666666665,2.6666666666666665,3.6666666666666665,3.0,3.0,3.0,3.75,4.2,3.0,0,2.4,2.25,90.0,2,2,2,3,"Ich sollte das Konzept für eine Veranstaltung vorschlagn, eine eintägige Schulung und Präsentation für Führungskräfte einer Firma über Digitale Transformation. Als Hilfsmittel erhielte ich drei Vorschläge worauf ich dabei achten sollte.",2.8,4.75,15.0,3,4,3,4,Ich musste ein Konzept entwickeln für eine einwöchige Veranstaltung um mein Unternehmen umweltfreundlicher zu machen durch konkrete Maßnahmen und Bewusstseins-Schulung. Als Hilfsmittel hatte ich ChatGPT welches sehr  schnell einen ziemlich konkreten Plan vorgeschlagen hatte.,"Hallo, ich brauche Hilfe für eine einwöchige Kommunikationsstrategie um Nachhaltigkeit als Kernwert in unserem Unternehmen einzuführen. || Kannst du das so verändern das konkrete Maßnahmen in allen Abteilungen und Betrieben umgesetzt werden.",2.0,15.5,16.0,31.0,32.45283333333334,3.937833333333333,1.166,11.077166666666669,5.216833333333333,6.441666666666666,4.613333333333333
ZZAKI601,33.0,0.0,1,0,1,0,0,0,0,0,4.833333333333333,3.5,3.0,4.0,3.333333333333333,3.333333333333333,5.0,3.5,2.25,3.5,3.75,3.6,4.0,1,2.2,1.0,100.0,5,2,3,3,"Für ein Unternehmen soll eine Tagung geplant werden, welche sich mit dem Thema der digitalen Transformation im Unternehmen beschäftigen soll. Auf Grund der Orientierung dieser Studie gehe ich davon aus, dass dies das Verwenden von ""KI"" (eher LLMDA) im Arbeitsumfeld meint und die Führungskräfte entsprechend geschult werden sollen. Es standen keine Hilfmittel mit Ausnahme von drei Pseudo-Hilfsmittel-Fragen zur Verfügung.",3.6,4.0,25.0,1,3,3,2,"Ziel der Aufgabe war die Ausarbeitung einer groben Übersicht einer Kommunikationsstrategie zum Thema Nachhaltigkeit für ein Vorstandsmeeting. Die Rahmenbedingungen waren unter Anderem:
Länge: Eine Arbeitswoche
Spezifische Effektivität: Allgemeine Umsetzbartkeit im Unternehmen
Reichweite: Unternehmen, Anteilseigner, Öffentlichkeit
Die Übersicht durfte nicht länger sein als eine Seite (One Pager).
Zur Hilfe hatte ich ein Eingabeterminal, dass die Interaktion mit einem LLM ermöglichte.","Bitte definiere das Wort ""Kommunikationsstrategie"" im Umfeld eines mittelständischen Unternehmens. || Bitte setzte die aktuelle Session zurück, um ein neues Thema bearbeiten zu können || Ich möchte eine Kommunikationsstrategie für ein generisches Unternehmen mit dem Namen HEROKU erstellen, zu der Kommunikationsstrategie werde ich dir in der nächsten Eingabe besimmte Rahmenbedingungen nennen. Es ist wichtig zu beachten, dass ich nur beschränkten Wissen über den Aufbau einer solche Strategie besitze. || Die Kommunikationsstrategie die du ausarbeiten sollst muss folgenden Rahmenbedingungen entsprechen: || 1) Die Kommunikationsstrategie ist auf eine Arbeitswoche (5 Tage) festgelegt.\n2) Die Kommunikationsstrategie hat das zentrale Thema: ""Nachhaltigkeit als Kernwert im gesamten Unternehmen"".\n3) Die fertige Wochenübersicht der Kommunikationsstrategie darf nicht länger als eine Din A4 Seite Schriftgröße 11 sein.\n4) Ziel der Kommunikationsstrategie sind: Alle Beschäftigten, Stakeholder sowie die mit dem Unternehmen in Kontakt stehende Öffentlichkeit.\n5) Explizit die Mitarbeiter sollen über das tiefere Verständnis zum Thema Nachhaltigkeit informiert werden.\n6) Alle Prinzipien die mit der Nachhaltigkeit in Kontakt stehen müssen so formuliert sein, dass alle resultierenden Maßnahmen in allen Abteilungen und Betrieben umgesetzt werden können.\n\nSind die Rahmenbedingungen für dich ausreichend? || Danke für deine Hilfe, dies Session kann beendet werden",6.0,30.33333333333333,10.0,182.0,75.08283333333334,6.333666666666667,1.8416666666666663,21.7485,8.562166666666666,27.260166666666667,9.336666666666668
klief99,32.0,100.0,1,0,0,0,0,0,1,0,4.833333333333333,4.166666666666667,4.0,2.5,2.6666666666666665,1.6666666666666667,2.333333333333333,2.5,2.5,4.0,1.25,4.2,4.0,1,1.8,1.0,100.0,5,5,2,1,"ich sollte einen 1seitigen plan schreiben, wie ich dem vorstand eine digitale transformation rübgerbringe, welche einen ganzen tag füllen sollte.diese sollte interessant , lustig und inspirierend gestaltet werden",5.0,5.0,10.0,4,4,4,2,"ich musste eine wochen seminar planen, wie das unternehmen nachhaltig wird. ich durfte chatgpt benutzten und habe erlernt, wie ich chatgpt benutzen sollte","Entwickeln Sie eine umfassende, einwöchige Kommunikationsstrategie zur Einführung von Nachhaltigkeit als Kernwert im gesamten Unternehmen.\n\nDie Aufgabe soll in Form eines schriftlichen One-Pagers gelöst werden. \n Zielsetzung\n\n    Das Engagement des Unternehmens für Nachhaltigkeit gegenüber allen Mitarbeitenden, Stakeholdern und der Öffentlichkeit soll klar zum Ausdruck bringen.\n\n    Die Strategie soll zu einem tieferen Verständnisses von Nachhaltigkeit und ihrer Bedeutung bei den Mitarbeitern beitragen.\n\n    Die Umsetzung der Nachhaltigkeitsprinzipien soll in konkrete Maßnahmen und Initiativen in allen Abteilungen und Betrieben umgesetzt werden können.\n\nDie folgenden Fragen können helfen:\n\n    Welche Ziele werden mit der Strategie verfolgt?\n\n    Wer ist das Zielpublikum?\n\n    Welche Themen wären für die Mitarbeitenden am relevantesten und interessantesten?\n\n    Welche Art von Erfahrung sollen die Mitarbeitenden machen?\n",1.0,111.0,111.0,111.0,26.47983333333333,3.0155000000000003,1.4423333333333337,8.589833333333333,3.643333333333333,6.201333333333333,3.5875
ZZAMU1201,25.0,100.0,1,0,0,0,0,1,0,0,4.833333333333333,4.333333333333333,4.333333333333333,4.5,4.0,4.333333333333333,4.666666666666667,3.75,3.75,3.5,3.25,4.0,4.0,1,3.6,3.5,100.0,5,5,5,3,"Ziel ist es, eine Veranstaltung zu schaffen, die sowohl informativ als auch unterhaltsam ist, bei der Führungskräfte mehr über die digitale Transformation erfahren und miteinander in Kontakt treten können, wobei der Schwerpunkt darauf liegt, wie generative KI ihr Geschäftsmodell beeinflusst. Das Konzept sollte das Zielpublikum, relevante Themen für Führungskräfte und die Art der Erfahrung, die die Führungskräfte während der Veranstaltung machen sollten, ansprechen.",3.6,3.75,90.0,5,3,4,4,"Ich wurde gebeten, einen kurzen Überblick über eine Nachhaltigkeitsstrategie für eine Organisation zu geben. Die Strategie umfasste Ziele, Ziele, Zielgruppen, Themen, Erfahrungen und einen Plan für eine einwöchige Veranstaltung, um eine Kultur der Nachhaltigkeit innerhalb des Unternehmens und bei seinen Stakeholdern zu fördern. Meine Aufgabe war es, diese Strategie klar und prägnant zu formulieren.","Gestalten Sie dies prägnanter und passen Sie es auf eine Seite\n\n**Nachhaltigkeitsintegrationsstrategie**\n\n**Zielsetzung:**\nNachhaltigkeit als Kernwert innerhalb der Organisation zu verankern und sicherzustellen, dass alle Mitarbeiter, Stakeholder und die Öffentlichkeit informiert und in unser Engagement für nachhaltige Praktiken einbezogen werden.\n\n**Ziele:**\n1. **Bewusstsein:** Steigern Sie das Bewusstsein für Nachhaltigkeitsthemen und das Engagement des Unternehmens dafür.\n2. **Schulung:** Informieren Sie Ihre Mitarbeiter über nachhaltige Praktiken und deren Vorteile.\n3. **Engagement:** Ermutigen Sie zur aktiven Teilnahme an Nachhaltigkeitsinitiativen.\n4. **Integration:** Nachhaltigkeitsprinzipien abteilungsübergreifend in umsetzbare Maßnahmen umsetzen.\n\n**Zielgruppe:**\n- Alle Angestellten\n- Stakeholder\n- Allgemeine Öffentlichkeit\n\n**Schlüsselthemen:**\n1. **Unsere Nachhaltigkeitsvision:** Kommunikation der langfristigen Nachhaltigkeitsziele des Unternehmens.\n2. **Nachhaltigkeit im Alltag:** Praktische Tipps zur Integration von Nachhaltigkeit in den Arbeitsalltag.\n3. **Innovation für Nachhaltigkeit:** Zeigt, wie Innovation nachhaltige Praktiken vorantreiben kann.\n4. **Nachhaltigkeits-Erfolgsgeschichten:** Austausch von Beispielen erfolgreicher Nachhaltigkeitsinitiativen innerhalb des Unternehmens.\n\n**Erfahrung:**\n- **Interaktive Sitzungen:** Workshops und Seminare zur Aufklärung der Mitarbeiter über Nachhaltigkeit.\n- **Nachhaltigkeitsherausforderungen:** Einwöchige Herausforderungen zur Förderung nachhaltiger Verhaltensweisen.\n- **Feedback-Foren:** Möglichkeiten für Mitarbeiter, Ideen zum Thema Nachhaltigkeit einzubringen.\n- **Nachhaltigkeitsmesse:** Ein Tag zur Ausstellung nachhaltiger Produkte und Dienstleistungen, sowohl innerhalb als auch außerhalb des Unternehmens.\n\n**Kommunikationsplan:**\n- **Montag:** Auftaktveranstaltung mit Grundsatzrede des CEO und Einführung in die Aktivitäten der Woche.\n- **Dienstag-Donnerstag:** Thementage mit Schwerpunkt auf Schlüsselthemen mit interaktiven Sitzungen und Herausforderungen.\n- **Freitag:** Abschlussveranstaltung mit Nachhaltigkeitsmesse und Bekanntgabe der Challenge-Gewinner.\n\n**Ergebnis:**\nDie Mitarbeiter erhalten ein tieferes Verständnis für Nachhaltigkeit und ihre Bedeutung und werden mit Wissen und Werkzeugen ausgestattet, um nachhaltige Praktiken in ihren Rollen umzusetzen. Die Strategie zielt darauf ab, eine Kultur der Nachhaltigkeit zu fördern, die mit den Werten und operativen Zielen des Unternehmens übereinstimmt.",1.0,240.0,240.0,240.0,18.55183333333333,2.3396666666666666,0.5468333333333334,4.612,3.297333333333333,5.055833333333334,2.7001666666666666
